fips,rural_urban_continuum_code_2013,civilian_labor_force_2000,unemployment_rate_2000,median_household_income_2019
1001,2.0,21861.0,4.1,58233.0
1003,3.0,69979.0,3.7,59871.0
1005,6.0,11449.0,5.6,35972.0
1007,1.0,8623.0,5.4,47918.0
1009,1.0,25266.0,3.5,52902.0
1011,6.0,3997.0,8.5,31906.0
1013,6.0,9221.0,7.9,39944.0
1015,3.0,53244.0,5.1,47747.0
1017,6.0,17486.0,4.4,42015.0
1019,6.0,11378.0,4.5,45982.0
1021,1.0,19601.0,4.3,49692.0
1023,9.0,6226.0,6.6,39808.0
1025,7.0,11677.0,7.4,43822.0
1027,9.0,6608.0,6.2,40562.0
1029,8.0,7002.0,4.1,51276.0
1031,4.0,20037.0,5.9,57299.0
1033,3.0,26124.0,5.6,46683.0
1035,7.0,5521.0,6.6,41539.0
1037,8.0,5329.0,5.5,42024.0
1039,6.0,17436.0,7.0,44836.0
1041,8.0,6155.0,5.8,43309.0
1043,4.0,38898.0,4.2,50897.0
1045,4.0,20923.0,5.3,45120.0
1047,4.0,17948.0,8.1,34034.0
1049,6.0,32516.0,4.1,44277.0
1051,2.0,31195.0,4.0,62310.0
1053,6.0,16199.0,5.3,42712.0
1055,3.0,48496.0,5.9,43047.0
1057,6.0,8332.0,5.9,44212.0
1059,6.0,14729.0,6.6,44874.0
1061,3.0,12261.0,5.1,43089.0
1063,8.0,3534.0,6.9,28699.0
1065,3.0,7023.0,6.1,40745.0
1067,3.0,7684.0,5.0,48597.0
1069,3.0,45464.0,4.4,50138.0
1071,6.0,28083.0,5.2,44322.0
1073,1.0,331141.0,4.0,54127.0
1075,8.0,7497.0,7.0,42686.0
1077,3.0,43733.0,5.0,48188.0
1079,3.0,16682.0,5.0,47797.0
1081,3.0,58396.0,4.0,54160.0
1083,2.0,33039.0,3.8,64729.0
1085,2.0,5087.0,7.0,33930.0
1087,6.0,9139.0,5.8,34281.0
1089,2.0,149626.0,3.6,68609.0
1091,7.0,9072.0,5.3,38838.0
1093,7.0,14302.0,6.7,44675.0
1095,4.0,40809.0,4.8,48913.0
1097,2.0,186171.0,5.0,49492.0
1099,7.0,10343.0,6.5,40005.0
1101,2.0,106415.0,4.2,52711.0
1103,3.0,56614.0,4.3,54355.0
1105,8.0,4132.0,9.3,29572.0
1107,3.0,8657.0,7.6,40249.0
1109,6.0,14153.0,5.6,41271.0
1111,6.0,10026.0,4.9,42922.0
1113,2.0,22142.0,4.7,43670.0
1115,1.0,31555.0,3.8,65403.0
1117,1.0,82798.0,2.8,77801.0
1119,8.0,5420.0,9.2,29209.0
1121,4.0,35828.0,5.2,47719.0
1123,6.0,19486.0,4.9,47100.0
1125,3.0,82181.0,4.0,52307.0
1127,1.0,31714.0,5.9,45991.0
1129,8.0,7781.0,6.9,48864.0
1131,9.0,3968.0,8.8,30998.0
1133,6.0,11768.0,7.9,40827.0
2013,9.0,942.0,8.7,66923.0
2016,9.0,2738.0,5.1,84726.0
2020,2.0,140750.0,5.0,82512.0
2050,7.0,6406.0,8.9,48262.0
2060,9.0,925.0,6.4,87950.0
2068,8.0,1341.0,7.2,78434.0
2070,9.0,1964.0,7.3,57436.0
2090,3.0,41048.0,6.1,74076.0
2100,9.0,1397.0,8.0,62548.0
2105,9.0,11843.666666666666,8.196296296296296,53141.0
2110,5.0,18040.0,4.6,85419.0
2122,7.0,24609.0,8.2,68625.0
2130,7.0,8299.0,6.2,75706.0
2150,7.0,6548.0,8.3,79669.0
2158,9.0,2237.0,15.2,35369.0
2164,9.0,1036.0,5.2,51693.0
2170,2.0,28896.0,7.3,75856.0
2180,7.0,3705.0,9.6,58464.0
2185,7.0,3407.0,8.4,84784.0
2188,7.0,2948.0,9.0,61660.0
2195,9.0,11843.666666666666,8.196296296296296,71296.0
2198,9.0,11843.666666666666,8.196296296296296,50049.0
2201,7.586206896551724,2666.0,14.1,67604.20689655172
2220,7.0,4458.0,4.8,80660.0
2230,9.0,11843.666666666666,8.196296296296296,74898.0
2232,7.586206896551724,1830.0,9.8,67604.20689655172
2240,9.0,2271.0,12.3,69646.0
2261,9.0,5226.0,7.6,74574.0
2275,9.0,11843.666666666666,8.196296296296296,62496.0
2280,7.586206896551724,3077.0,9.7,67604.20689655172
2282,9.0,370.0,6.8,61587.0
2290,9.0,2645.0,11.5,42063.0
4001,6.0,19039.0,9.0,35386.0
4003,3.0,48657.0,4.5,48650.0
4005,3.0,62634.0,4.4,58301.0
4007,4.0,20341.0,5.3,45980.0
4009,7.0,12274.0,5.5,50685.0
4011,7.0,3922.0,4.2,68066.0
4012,6.0,7626.0,6.4,39407.0
4013,1.0,1598523.0,3.2,68634.0
4015,3.0,68818.0,4.5,49712.0
4017,4.0,34281.0,7.3,40676.0
4019,2.0,409884.0,3.7,56150.0
4021,1.0,69640.0,4.6,62067.0
4023,4.0,14755.0,8.2,47779.0
4025,3.0,75826.0,4.0,54242.0
4027,3.0,64393.0,16.4,47024.0
5001,6.0,10161.0,4.5,52539.0
5003,7.0,10505.0,5.8,47744.0
5005,7.0,16294.0,4.1,41950.0
5007,2.0,76911.0,2.8,70775.0
5009,7.0,16246.0,4.1,50083.0
5011,7.0,5103.0,6.4,39982.0
5013,9.0,2558.0,5.4,48415.0
5015,6.0,13038.0,3.9,43841.0
5017,7.0,5434.0,7.2,37014.0
5019,7.0,11228.0,4.2,44105.0
5021,7.0,8075.0,5.3,40686.0
5023,6.0,10736.0,4.5,46214.0
5025,3.0,3903.0,4.9,53773.0
5027,7.0,11279.0,5.1,42964.0
5029,6.0,9349.0,6.0,46924.0
5031,3.0,42796.0,3.9,47766.0
5033,2.0,24785.0,3.5,44600.0
5035,1.0,21967.0,4.1,41976.0
5037,6.0,8685.0,4.6,45273.0
5039,6.0,3864.0,5.5,41314.0
5041,6.0,6318.0,8.0,37005.0
5043,6.0,8745.0,5.9,44162.0
5045,2.0,45490.0,3.6,58482.0
5047,6.0,8076.0,3.3,45670.0
5049,9.0,4971.0,3.8,32926.0
5051,3.0,38473.0,4.2,45786.0
5053,2.0,8098.0,3.9,58566.0
5055,4.0,18144.0,4.7,47098.0
5057,6.0,11081.0,4.5,40867.0
5059,6.0,14296.0,4.2,45860.0
5061,6.0,6636.0,4.2,41427.0
5063,7.0,16720.0,4.8,47903.0
5065,9.0,5225.0,4.6,40233.0
5067,6.0,7703.0,7.4,38636.0
5069,3.0,35952.0,5.7,40555.0
5071,7.0,10203.0,4.1,40396.0
5073,8.0,3455.0,5.8,37164.0
5075,6.0,7870.0,5.2,39604.0
5077,7.0,3897.0,7.4,30421.0
5079,3.0,5040.0,6.1,44272.0
5081,3.0,6395.0,4.5,43257.0
5083,6.0,9872.0,4.1,42249.0
5085,2.0,26444.0,3.3,62782.0
5087,2.0,6925.0,3.1,48016.0
5089,9.0,6657.0,3.8,38760.0
5091,3.0,18216.0,4.4,50905.0
5093,4.0,22678.0,7.7,39990.0
5095,7.0,4076.0,5.0,34289.0
5097,8.0,4079.0,4.0,39591.0
5099,7.0,4610.0,4.7,36528.0
5101,9.0,3761.0,4.3,37648.0
5103,7.0,12402.0,5.8,46393.0
5105,2.0,4811.0,4.9,50560.0
5107,6.0,9706.0,6.1,31521.0
5109,9.0,5439.0,4.1,44426.0
5111,3.0,11451.0,4.7,40536.0
5113,7.0,8992.0,4.0,39722.0
5115,5.0,26805.0,4.2,47519.0
5117,8.0,4406.0,4.3,46205.0
5119,2.0,184451.0,3.7,52684.0
5121,7.0,8293.0,5.2,42875.0
5123,6.0,10919.0,6.9,34389.0
5125,2.0,42748.0,3.2,66944.0
5127,6.0,4937.0,3.4,38065.0
5129,9.0,3309.0,4.9,34712.0
5131,2.0,56523.0,3.3,48945.0
5133,6.0,7244.0,3.8,43493.0
5135,7.0,6565.0,5.1,37591.0
5137,9.0,4666.0,4.3,36930.0
5139,7.0,20204.0,4.7,46602.0
5141,8.0,6629.0,5.3,38096.0
5143,2.0,82281.0,2.9,52158.0
5145,4.0,30997.0,4.7,46388.0
5147,9.0,3777.0,6.1,36568.0
5149,6.0,9939.0,3.9,44469.0
6001,1.0,768654.0,3.6,107589.0
6003,8.0,555.0,6.3,58112.0
6005,6.0,15260.0,5.1,62640.0
6007,3.0,93071.0,6.1,58394.0
6009,6.0,18133.0,5.5,68248.0
6011,6.0,9253.0,11.4,59048.0
6013,1.0,500681.0,3.5,106555.0
6015,7.0,10228.0,7.3,48979.0
6017,1.0,82122.0,4.1,86202.0
6019,2.0,387784.0,10.3,56926.0
6021,6.0,11277.0,8.4,55682.0
6023,5.0,60073.0,5.7,51134.0
6025,3.0,55945.0,17.3,48102.0
6027,7.0,8847.0,4.6,59605.0
6029,2.0,293341.0,8.2,53245.0
6031,3.0,49156.0,9.9,57297.0
6033,4.0,23058.0,7.2,46897.0
6035,7.0,11343.0,7.1,53613.0
6037,1.0,4665167.0,5.4,72721.0
6039,3.0,54852.0,8.6,61105.0
6041,1.0,141747.0,2.8,112069.0
6043,8.0,7971.0,6.1,52760.0
6045,4.0,43545.0,5.5,52309.0
6047,2.0,90193.0,9.5,59733.0
6049,6.0,3749.0,7.4,45311.0
6051,7.0,7392.0,4.6,66226.0
6053,2.0,203030.0,7.3,76509.0
6055,3.0,66592.0,3.6,90230.0
6057,4.0,45437.0,4.1,69550.0
6059,1.0,1480373.0,3.5,95761.0
6061,1.0,132043.0,3.6,97688.0
6063,7.0,9753.0,7.0,59376.0
6065,1.0,680221.0,5.3,72905.0
6067,1.0,608389.0,4.3,71891.0
6069,1.0,27430.0,5.9,84209.0
6071,1.0,738895.0,4.7,67398.0
6073,1.0,1375223.0,3.9,83576.0
6075,1.0,472525.0,3.4,121795.0
6077,2.0,258695.0,6.9,68458.0
6079,2.0,122394.0,4.0,76599.0
6081,1.0,397997.0,2.8,135234.0
6083,2.0,202270.0,4.3,74530.0
6085,1.0,940298.0,3.1,132444.0
6087,2.0,148261.0,5.1,85770.0
6089,3.0,74781.0,6.0,61464.0
6091,8.0,1800.0,5.8,55862.0
6093,6.0,19128.0,7.4,45954.0
6095,2.0,194085.0,4.6,85704.0
6097,2.0,253136.0,3.3,87084.0
6099,2.0,207563.0,7.7,62761.0
6101,3.0,37817.0,9.3,60910.0
6103,4.0,23593.0,6.4,51672.0
6105,8.0,5104.0,9.7,43881.0
6107,2.0,171627.0,10.3,56776.0
6109,4.0,22872.0,5.8,64729.0
6111,2.0,392421.0,4.5,91446.0
6113,1.0,86130.0,5.0,70951.0
6115,3.0,24268.0,7.9,56607.0
8001,1.0,186637.0,2.7,75341.0
8003,7.0,7205.0,3.6,38213.0
8005,1.0,281688.0,2.4,82364.0
8007,7.0,5012.0,3.2,57604.0
8009,9.0,2105.0,2.9,38945.0
8011,7.0,2273.0,3.9,35764.0
8013,2.0,159943.0,2.4,88341.0
8014,1.0,22552.0,2.4,106892.0
8015,7.0,7344.0,3.3,60331.0
8017,9.0,1120.0,2.5,52337.0
8019,1.0,6042.0,2.7,79900.0
8021,9.0,3338.0,5.0,40944.0
8023,9.0,1247.0,7.4,34731.0
8025,8.0,1488.0,5.3,38224.0
8027,8.0,1665.0,3.4,57381.0
8029,6.0,12330.0,3.7,51525.0
8031,1.0,305042.0,3.0,75456.0
8033,9.0,903.0,5.5,50232.0
8035,1.0,105548.0,2.0,123697.0
8037,5.0,25619.0,2.4,89268.0
8039,1.0,11599.0,2.2,101733.0
8041,2.0,264548.0,2.9,72675.0
8043,4.0,17845.0,3.9,52239.0
8045,5.0,24742.0,2.7,73788.0
8047,1.0,3307.0,2.5,74806.0
8049,7.0,7624.0,2.5,71029.0
8051,7.0,8180.0,2.7,60408.0
8053,9.0,651.0,2.0,61391.0
8055,6.0,3075.0,5.5,39955.0
8057,9.0,885.0,2.8,53577.0
8059,1.0,309216.0,2.3,89696.0
8061,9.0,782.0,3.1,46901.0
8063,7.0,3843.0,2.5,42951.0
8065,6.0,4041.0,3.3,56850.0
8067,4.0,24447.0,2.9,77829.0
8069,2.0,146251.0,2.5,75332.0
8071,7.0,6676.0,4.1,43452.0
8073,8.0,2624.0,2.7,43077.0
8075,7.0,10000.0,2.8,58429.0
8077,3.0,58850.0,3.3,60249.0
8079,9.0,419.0,3.6,63015.0
8081,7.0,6995.0,3.5,63232.0
8083,6.0,11798.0,4.1,52641.0
8085,4.0,16204.0,3.6,50707.0
8087,6.0,12542.0,3.0,57535.0
8089,6.0,8815.0,4.3,43723.0
8091,9.0,2198.0,2.6,72836.0
8093,1.0,8524.0,2.5,77221.0
8095,9.0,2052.0,2.6,53432.0
8097,7.0,9921.0,2.7,92820.0
8099,7.0,6927.0,2.9,47051.0
8101,3.0,63915.0,3.9,51075.0
8103,9.0,3236.0,2.9,65960.0
8105,7.0,5817.0,4.5,48496.0
8107,7.0,12505.0,2.5,87691.0
8109,9.0,2707.0,5.5,37004.0
8111,9.0,513.0,4.5,50524.0
8113,9.0,4722.0,3.0,77209.0
8115,9.0,1398.0,2.6,42808.0
8117,5.0,16062.0,2.2,86570.0
8119,2.0,11881.0,2.9,70599.0
8121,9.0,2439.0,2.5,53263.0
8123,2.0,93466.0,2.7,78160.0
8125,7.0,5036.0,2.6,52841.0
9001,2.0,451537.0,1.9,96966.0
9003,1.0,434286.0,2.3,75336.0
9005,4.0,100655.0,1.8,81015.0
9007,1.0,86509.0,1.9,81721.0
9009,2.0,419397.0,2.3,69687.0
9011,2.0,133429.0,2.1,75226.0
9013,1.0,76613.0,1.7,90181.0
9015,2.0,58271.0,2.3,63309.0
10001,3.0,63388.0,3.9,58804.0
10003,1.0,270201.0,3.5,76076.0
10005,2.0,79367.0,3.7,64839.0
11001,1.0,309977.0,5.7,90395.0
12001,2.0,117215.0,3.0,49880.0
12003,1.0,10487.0,3.0,60454.0
12005,3.0,72654.0,4.7,58376.0
12007,6.0,10679.0,3.8,47509.0
12009,2.0,234063.0,3.7,57582.0
12011,1.0,862804.0,3.7,61429.0
12013,6.0,5200.0,4.8,41399.0
12015,3.0,55649.0,3.7,54756.0
12017,3.0,44138.0,4.7,49762.0
12019,1.0,74520.0,3.1,75776.0
12021,2.0,117136.0,3.8,76415.0
12023,4.0,25908.0,4.0,47087.0
12027,6.0,13393.0,4.5,41673.0
12029,6.0,5175.0,4.5,39793.0
12031,1.0,411949.0,3.4,58339.0
12033,2.0,133669.0,4.1,52822.0
12035,2.0,21195.0,3.6,62831.0
12037,6.0,4453.0,4.0,47504.0
12039,2.0,20131.0,4.0,42975.0
12041,2.0,6487.0,3.6,46171.0
12043,6.0,4123.0,4.8,45412.0
12045,3.0,5295.0,6.1,53228.0
12047,6.0,4623.0,5.4,39241.0
12049,6.0,10851.0,6.0,41430.0
12051,4.0,16447.0,7.3,45107.0
12053,1.0,50040.0,4.4,50705.0
12055,3.0,33472.0,4.8,45723.0
12057,1.0,533645.0,3.3,61133.0
12059,6.0,7811.0,4.9,38874.0
12061,3.0,51517.0,5.2,61173.0
12063,6.0,19573.0,4.6,40543.0
12065,2.0,6120.0,3.7,47192.0
12067,9.0,2744.0,4.1,45480.0
12069,1.0,94129.0,3.6,57660.0
12071,2.0,209581.0,3.3,62364.0
12073,2.0,136017.0,3.1,55081.0
12075,6.0,14528.0,3.9,41405.0
12077,8.0,2645.0,4.2,44236.0
12079,6.0,7767.0,4.1,37919.0
12081,2.0,124326.0,3.2,64151.0
12083,2.0,110190.0,4.1,49079.0
12085,2.0,56861.0,4.2,70806.0
12086,1.0,1091659.0,4.5,54991.0
12087,4.0,45588.0,2.9,67528.0
12089,1.0,30549.0,3.3,72818.0
12091,3.0,81126.0,3.7,63520.0
12093,4.0,15804.0,5.4,45225.0
12095,1.0,504054.0,3.1,63133.0
12097,1.0,90374.0,3.3,52270.0
12099,1.0,546593.0,4.3,66621.0
12101,1.0,151610.0,3.7,55745.0
12103,1.0,475357.0,3.3,56708.0
12105,2.0,233350.0,4.2,51817.0
12107,4.0,29619.0,4.3,41986.0
12109,1.0,67048.0,3.0,90839.0
12111,2.0,88254.0,5.8,57292.0
12113,2.0,55471.0,3.9,66139.0
12115,2.0,150154.0,3.2,66258.0
12117,1.0,214509.0,3.1,69954.0
12119,3.0,17077.0,4.3,63464.0
12121,6.0,15561.0,3.6,49453.0
12123,6.0,8354.0,5.0,42987.0
12125,6.0,4571.0,4.4,50893.0
12127,2.0,211550.0,3.4,53554.0
12129,2.0,11800.0,3.2,58640.0
12131,3.0,19592.0,3.5,62600.0
12133,6.0,9029.0,4.6,42518.0
13001,7.0,8519.0,5.4,43821.0
13003,9.0,3489.0,5.3,38581.0
13005,7.0,4641.0,4.5,41807.0
13007,3.0,1735.0,4.3,39515.0
13009,4.0,18875.0,4.8,44429.0
13011,8.0,7768.0,3.0,53481.0
13013,1.0,25014.0,3.0,68924.0
13015,1.0,40350.0,3.7,60254.0
13017,7.0,8112.0,4.8,35931.0
13019,6.0,8015.0,4.0,42058.0
13021,3.0,69989.0,4.3,43066.0
13023,6.0,5145.0,4.2,48115.0
13025,3.0,6754.0,4.2,44680.0
13027,3.0,7521.0,4.6,39554.0
13029,2.0,11543.0,3.1,79296.0
13031,4.0,27152.0,3.8,48788.0
13033,2.0,9131.0,5.0,42632.0
13035,1.0,9026.0,4.6,47410.0
13037,8.0,2346.0,6.5,34960.0
13039,4.0,17712.0,3.6,58552.0
13043,7.0,3966.0,4.6,41665.0
13045,1.0,44637.0,3.7,59193.0
13047,2.0,29536.0,2.7,60753.0
13049,6.0,3929.0,4.1,42891.0
13051,2.0,111047.0,3.6,57122.0
13053,2.0,2619.0,8.1,46106.0
13055,6.0,11576.0,3.7,41561.0
13057,1.0,82374.0,2.6,88635.0
13059,3.0,53962.0,3.4,41036.0
13061,9.0,1335.0,5.5,24732.0
13063,1.0,125561.0,3.3,50737.0
13065,6.0,2752.0,5.3,42928.0
13067,1.0,358689.0,2.8,79622.0
13069,7.0,17071.0,4.6,41675.0
13071,6.0,19258.0,4.6,41899.0
13073,2.0,46982.0,2.9,88285.0
13075,6.0,7225.0,4.5,40670.0
13077,1.0,48441.0,3.3,79232.0
13079,3.0,5841.0,4.0,50411.0
13081,6.0,9682.0,4.6,40482.0
13083,2.0,7668.0,3.0,45986.0
13085,1.0,8980.0,2.7,69155.0
13087,6.0,12239.0,4.5,40473.0
13089,1.0,379055.0,3.3,63606.0
13091,6.0,8464.0,4.7,41118.0
13093,6.0,4770.0,4.8,37109.0
13095,3.0,41285.0,5.2,36894.0
13097,1.0,51166.0,2.9,62915.0
13099,6.0,5329.0,5.0,40011.0
13101,3.0,1848.0,3.4,40408.0
13103,2.0,18917.0,3.1,71628.0
13105,6.0,9663.0,5.2,40962.0
13107,7.0,9883.0,5.6,38529.0
13109,6.0,4668.0,4.3,41425.0
13111,8.0,9027.0,3.9,47980.0
13113,1.0,49508.0,2.6,94563.0
13115,3.0,44476.0,3.8,50520.0
13117,1.0,56976.0,2.4,113332.0
13119,8.0,9887.0,3.9,47691.0
13121,1.0,427776.0,3.4,79235.0
13123,6.0,11247.0,3.3,57007.0
13125,9.0,1184.0,4.1,49350.0
13127,3.0,34626.0,3.5,58017.0
13129,4.0,24190.0,3.3,53373.0
13131,6.0,10948.0,4.4,42603.0
13133,6.0,6340.0,4.4,60973.0
13135,1.0,344558.0,2.7,72225.0
13137,6.0,18275.0,3.5,51296.0
13139,3.0,73188.0,2.9,66698.0
13141,7.0,3257.0,7.8,31715.0
13143,1.0,12334.0,3.5,49020.0
13145,2.0,12842.0,3.1,74052.0
13147,6.0,11314.0,4.0,50647.0
13149,1.0,5099.0,3.9,48984.0
13151,1.0,67159.0,2.7,72927.0
13153,3.0,53336.0,3.4,65641.0
13155,7.0,4516.0,4.6,42317.0
13157,4.0,21251.0,3.2,66645.0
13159,1.0,5748.0,3.2,59207.0
13161,7.0,5755.0,4.6,40603.0
13163,6.0,6729.0,6.6,35379.0
13165,6.0,3707.0,5.2,32808.0
13167,7.0,3383.0,6.0,37771.0
13169,3.0,11731.0,3.8,56819.0
13171,1.0,8006.0,4.4,57402.0
13173,3.0,3317.0,4.9,42667.0
13175,5.0,21297.0,4.5,42018.0
13177,3.0,13081.0,3.4,72425.0
13179,3.0,19522.0,5.2,51410.0
13181,2.0,3751.0,5.7,45299.0
13183,3.0,4297.0,3.6,52051.0
13185,3.0,43232.0,4.4,46450.0
13187,6.0,10854.0,2.9,57078.0
13189,2.0,9851.0,4.4,44473.0
13191,3.0,4866.0,4.3,46682.0
13193,6.0,5390.0,6.6,34634.0
13195,3.0,13734.0,3.2,52326.0
13197,2.0,3305.0,3.9,41190.0
13199,1.0,10082.0,4.5,43571.0
13201,8.0,3237.0,4.1,41769.0
13205,6.0,9859.0,5.1,37383.0
13207,3.0,11295.0,3.7,70488.0
13209,9.0,3898.0,5.7,43657.0
13211,1.0,8132.0,3.4,67089.0
13213,3.0,19512.0,3.3,50061.0
13215,2.0,83224.0,4.7,47035.0
13217,1.0,32130.0,3.2,58222.0
13219,3.0,14270.0,2.5,100878.0
13221,3.0,6594.0,3.0,54346.0
13223,1.0,45527.0,2.7,76580.0
13225,3.0,10756.0,4.5,49815.0
13227,1.0,12420.0,3.0,66183.0
13229,6.0,7600.0,4.0,46701.0
13231,1.0,6946.0,3.7,74905.0
13233,4.0,17500.0,4.1,47896.0
13235,3.0,4348.0,4.0,42274.0
13237,6.0,8999.0,3.5,62282.0
13239,9.0,1035.0,6.3,35522.0
13241,7.0,7234.0,3.2,46639.0
13243,6.0,2988.0,5.9,33505.0
13245,2.0,86749.0,4.4,44810.0
13247,1.0,36702.0,3.1,60281.0
13249,8.0,1707.0,4.1,51129.0
13251,6.0,6565.0,4.9,42331.0
13253,6.0,3987.0,4.9,38618.0
13255,1.0,27970.0,4.3,49237.0
13257,7.0,13146.0,3.6,45416.0
13259,8.0,2075.0,5.4,34566.0
13261,6.0,15245.0,4.1,40250.0
13263,8.0,2834.0,5.4,41045.0
13265,8.0,844.0,5.1,37046.0
13267,6.0,8802.0,5.7,41457.0
13269,8.0,3390.0,5.3,28234.0
13271,7.0,4403.0,7.7,36264.0
13273,3.0,4631.0,5.2,37122.0
13275,4.0,19739.0,4.2,47978.0
13277,5.0,18813.0,4.1,47764.0
13279,7.0,12175.0,6.5,41442.0
13281,9.0,4229.0,4.3,49023.0
13283,7.0,2619.0,7.8,37478.0
13285,4.0,29926.0,3.6,47296.0
13287,6.0,4344.0,5.5,35400.0
13289,3.0,4575.0,4.4,44079.0
13291,9.0,8060.0,3.9,57049.0
13293,6.0,12735.0,5.0,40926.0
13295,2.0,30270.0,3.5,47548.0
13297,1.0,32341.0,3.1,67007.0
13299,5.0,15136.0,5.0,37642.0
13301,8.0,2628.0,5.5,37313.0
13303,7.0,8525.0,4.7,41674.0
13305,6.0,11295.0,4.9,47382.0
13307,8.0,1064.0,3.8,41547.0
13309,9.0,2294.0,6.2,35927.0
13311,6.0,10769.0,3.5,54786.0
13313,3.0,43422.0,3.5,53115.0
13315,8.0,3236.0,4.7,38261.0
13317,6.0,5015.0,4.6,39716.0
13319,8.0,4488.0,4.3,43902.0
13321,3.0,10240.0,4.3,43142.0
15001,5.0,73809.0,5.0,64929.0
15003,2.0,430500.0,4.1,86946.0
15007,5.0,30202.0,4.8,73029.0
15009,3.0,70883.0,3.9,77375.0
16001,2.0,170264.0,3.4,72295.0
16003,9.0,1923.0,10.0,50042.0
16005,3.0,38255.0,4.6,53306.0
16007,9.0,2952.0,4.9,54550.0
16009,6.0,4010.0,11.0,49303.0
16011,4.0,19724.0,4.4,59959.0
16013,7.0,11824.0,3.5,75778.0
16015,2.0,3425.0,4.9,64443.0
16017,6.0,17648.0,7.7,56729.0
16019,3.0,41505.0,3.4,65165.0
16021,7.0,4203.0,7.7,50709.0
16023,3.0,1445.0,4.3,51742.0
16025,9.0,536.0,3.7,56014.0
16027,2.0,65913.0,4.5,58670.0
16029,6.0,3264.0,5.1,61518.0
16031,7.0,10281.0,4.9,53284.0
16033,9.0,530.0,5.3,48726.0
16035,6.0,3694.0,13.2,49816.0
16037,8.0,2594.0,5.6,49055.0
16039,6.0,10617.0,5.7,47796.0
16041,3.0,5216.0,3.2,55421.0
16043,6.0,5636.0,4.8,56162.0
16045,2.0,7026.0,5.1,53733.0
16047,7.0,7089.0,3.8,50205.0
16049,6.0,6964.0,8.4,48866.0
16051,3.0,9007.0,3.7,63078.0
16053,7.0,9153.0,4.3,56320.0
16055,3.0,56388.0,6.3,62764.0
16057,4.0,17613.0,4.2,54999.0
16059,7.0,3815.0,8.0,46062.0
16061,8.0,1748.0,6.5,45342.0
16063,9.0,2161.0,4.4,50608.0
16065,4.0,12717.0,3.5,46177.0
16067,7.0,10150.0,5.7,56173.0
16069,3.0,18912.0,5.2,67645.0
16071,8.0,1986.0,3.4,55833.0
16073,2.0,4785.0,3.9,48395.0
16075,6.0,9806.0,6.7,53643.0
16077,6.0,3598.0,5.7,50981.0
16079,6.0,6046.0,9.8,39239.0
16081,9.0,3659.0,3.0,73637.0
16083,5.0,33670.0,4.2,56141.0
16085,8.0,4118.0,6.7,64041.0
16087,6.0,5205.0,6.8,45813.0
17001,5.0,36030.0,3.6,55942.0
17003,3.0,3632.0,7.4,37408.0
17005,1.0,8321.0,4.2,53447.0
17007,2.0,22110.0,4.7,72426.0
17009,7.0,2794.0,3.3,60254.0
17011,7.0,19174.0,4.7,57935.0
17013,1.0,2545.0,5.3,63373.0
17015,7.0,8640.0,5.5,56468.0
17017,6.0,7114.0,4.4,51011.0
17019,3.0,99423.0,3.3,53485.0
17021,6.0,17506.0,5.1,51573.0
17023,6.0,8740.0,4.7,58323.0
17025,7.0,7192.0,5.8,49377.0
17027,1.0,18385.0,3.6,67201.0
17029,5.0,28233.0,4.0,50467.0
17031,1.0,2742036.0,4.9,69375.0
17033,7.0,9611.0,5.5,50352.0
17035,9.0,5851.0,4.6,53991.0
17037,1.0,51431.0,3.4,64676.0
17039,3.0,9185.0,5.3,59521.0
17041,6.0,10367.0,3.8,64283.0
17043,1.0,532193.0,3.4,96354.0
17045,6.0,9897.0,4.3,51333.0
17047,9.0,3655.0,5.0,54930.0
17049,7.0,18396.0,4.2,58943.0
17051,6.0,10267.0,6.0,48913.0
17053,3.0,7342.0,3.6,55369.0
17055,4.0,17589.0,6.6,43695.0
17057,6.0,17702.0,5.3,50461.0
17059,8.0,2880.0,5.9,46515.0
17061,6.0,6962.0,5.1,52116.0
17063,1.0,21200.0,5.3,83135.0
17065,7.0,4002.0,4.9,51031.0
17067,7.0,10885.0,4.3,53724.0
17069,9.0,1953.0,6.3,44573.0
17071,9.0,4302.0,4.0,55535.0
17073,2.0,27393.0,4.7,61680.0
17075,6.0,16460.0,4.2,51542.0
17077,3.0,30403.0,4.2,37308.0
17079,7.0,5347.0,4.8,59980.0
17081,7.0,19151.0,5.1,50531.0
17083,1.0,11167.0,4.4,63351.0
17085,6.0,12823.0,4.1,62522.0
17087,8.0,4865.0,6.0,55022.0
17089,1.0,222441.0,4.1,84311.0
17091,3.0,52559.0,4.4,60763.0
17093,1.0,32510.0,3.3,105586.0
17095,4.0,28065.0,4.6,43404.0
17097,1.0,339463.0,3.5,92638.0
17099,4.0,56516.0,5.1,59528.0
17101,7.0,8116.0,5.4,47114.0
17103,6.0,17749.0,4.1,57619.0
17105,4.0,19557.0,3.7,54422.0
17107,6.0,15082.0,3.8,53806.0
17109,5.0,16893.0,4.1,49048.0
17111,1.0,152092.0,3.6,89379.0
17113,3.0,85770.0,3.2,69230.0
17115,3.0,56024.0,5.0,52259.0
17117,1.0,24452.0,4.3,54174.0
17119,1.0,133067.0,4.2,66591.0
17121,4.0,20776.0,5.5,52291.0
17123,2.0,7022.0,4.0,63628.0
17125,6.0,7927.0,5.6,51967.0
17127,7.0,7233.0,5.1,54159.0
17129,3.0,7037.0,3.4,77306.0
17131,2.0,8859.0,5.3,62241.0
17133,1.0,15564.0,3.1,90904.0
17135,6.0,14187.0,5.4,51665.0
17137,4.0,18881.0,4.0,55937.0
17139,6.0,7479.0,4.0,65472.0
17141,4.0,27077.0,4.1,63565.0
17143,2.0,91598.0,4.3,57717.0
17145,6.0,10319.0,6.7,56880.0
17147,3.0,9074.0,3.4,72265.0
17149,7.0,8530.0,5.2,54309.0
17151,8.0,2040.0,6.4,46478.0
17153,8.0,3104.0,6.8,38506.0
17155,8.0,3152.0,4.8,74367.0
17157,6.0,15251.0,4.8,58444.0
17159,7.0,7878.0,5.9,49775.0
17161,2.0,77845.0,4.3,57772.0
17163,1.0,119895.0,4.8,57726.0
17165,6.0,11808.0,6.7,48547.0
17167,3.0,105726.0,3.5,61768.0
17169,7.0,3998.0,4.9,56015.0
17171,9.0,2992.0,4.6,61231.0
17173,6.0,11742.0,4.7,61376.0
17175,2.0,2898.0,5.8,54804.0
17177,4.0,26054.0,5.1,51786.0
17179,2.0,67447.0,3.9,66206.0
17181,6.0,8383.0,6.2,51575.0
17183,3.0,38967.0,5.6,46295.0
17185,7.0,6906.0,5.0,54249.0
17187,6.0,10089.0,4.3,53621.0
17189,6.0,8381.0,3.8,64297.0
17191,7.0,8427.0,5.7,51829.0
17193,6.0,7512.0,4.8,51388.0
17195,4.0,30980.0,4.1,50880.0
17197,1.0,280158.0,4.1,90249.0
17199,3.0,29997.0,5.8,56958.0
17201,2.0,146905.0,4.4,59510.0
17203,2.0,18834.0,3.3,77117.0
18001,6.0,16555.0,2.7,53532.0
18003,2.0,175673.0,2.7,56838.0
18005,3.0,37289.0,2.6,71181.0
18007,3.0,4827.0,2.9,55016.0
18009,6.0,7026.0,4.3,46811.0
18011,1.0,24255.0,2.1,84137.0
18013,1.0,7869.0,2.9,59617.0
18015,3.0,10492.0,2.8,58965.0
18017,4.0,20645.0,3.1,51777.0
18019,1.0,52452.0,3.5,59441.0
18021,3.0,12843.0,4.1,54349.0
18023,6.0,16458.0,2.9,55336.0
18025,8.0,5109.0,4.8,44332.0
18027,7.0,14088.0,3.0,56611.0
18029,1.0,24453.0,3.3,71351.0
18031,6.0,13425.0,2.2,60891.0
18033,4.0,21694.0,3.0,59714.0
18035,3.0,58619.0,3.4,45912.0
18037,5.0,22147.0,2.2,63869.0
18039,3.0,96736.0,2.6,55782.0
18041,6.0,12397.0,4.3,48499.0
18043,1.0,38020.0,3.4,64614.0
18045,6.0,8651.0,3.1,55337.0
18047,6.0,11310.0,3.5,67315.0
18049,7.0,10757.0,4.0,55011.0
18051,6.0,16728.0,3.3,61872.0
18053,4.0,34805.0,3.9,47509.0
18055,6.0,16009.0,4.7,51918.0
18057,1.0,101252.0,1.9,107710.0
18059,1.0,30385.0,2.2,77905.0
18061,1.0,18706.0,3.3,64270.0
18063,1.0,57463.0,2.0,85827.0
18065,4.0,23333.0,3.9,49293.0
18067,3.0,41472.0,3.2,54048.0
18069,6.0,20778.0,3.1,54565.0
18071,4.0,21691.0,2.7,59472.0
18073,1.0,14694.0,3.4,65352.0
18075,6.0,10974.0,3.3,49447.0
18077,6.0,16163.0,3.3,53378.0
18079,6.0,14044.0,2.8,55022.0
18081,1.0,63220.0,2.1,74427.0
18083,5.0,19466.0,3.7,48760.0
18085,4.0,39235.0,2.5,64677.0
18087,6.0,16887.0,2.4,70746.0
18089,1.0,225314.0,3.8,57280.0
18091,3.0,53777.0,3.5,56427.0
18093,6.0,22907.0,4.0,56261.0
18095,1.0,63419.0,3.1,54145.0
18097,1.0,455014.0,2.8,50707.0
18099,6.0,23297.0,3.1,53695.0
18101,7.0,5071.0,3.4,56735.0
18103,6.0,17559.0,3.4,53658.0
18105,3.0,63730.0,2.7,53113.0
18107,6.0,19659.0,2.6,54366.0
18109,1.0,35533.0,2.4,63414.0
18111,1.0,7254.0,3.0,61457.0
18113,6.0,24410.0,2.9,60980.0
18115,1.0,2984.0,3.4,58294.0
18117,6.0,9578.0,4.4,47931.0
18119,3.0,10738.0,3.0,53387.0
18121,6.0,8013.0,3.5,51554.0
18123,6.0,9485.0,4.7,53908.0
18125,8.0,6345.0,3.5,52378.0
18127,1.0,77430.0,2.8,74064.0
18129,2.0,13847.0,3.0,68435.0
18131,6.0,6754.0,4.4,52432.0
18133,1.0,17100.0,2.9,64098.0
18135,6.0,13521.0,3.8,50496.0
18137,6.0,13709.0,2.6,61219.0
18139,6.0,9457.0,2.6,54371.0
18141,2.0,134138.0,3.2,53881.0
18143,1.0,11272.0,3.3,50571.0
18145,1.0,23538.0,2.6,59798.0
18147,8.0,10974.0,3.5,59183.0
18149,6.0,10824.0,4.8,54001.0
18151,7.0,18463.0,3.0,59444.0
18153,3.0,9215.0,5.2,53375.0
18155,8.0,5003.0,4.8,52482.0
18157,3.0,77903.0,2.6,51228.0
18159,6.0,8673.0,2.7,69960.0
18161,1.0,3790.0,3.1,53866.0
18163,2.0,89664.0,3.2,51603.0
18165,3.0,8127.0,4.6,50723.0
18167,3.0,50742.0,4.0,48082.0
18169,6.0,18065.0,3.0,59874.0
18171,8.0,4481.0,2.7,64109.0
18173,2.0,28403.0,3.3,79644.0
18175,1.0,14025.0,3.8,51948.0
18177,5.0,35483.0,3.6,47885.0
18179,2.0,14869.0,2.4,61636.0
18181,6.0,13580.0,3.0,58295.0
18183,2.0,17080.0,2.5,67347.0
19001,8.0,4463.0,2.7,57977.0
19003,9.0,2335.0,3.9,53385.0
19005,6.0,7964.0,3.4,56240.0
19007,7.0,6349.0,4.4,41672.0
19009,8.0,3419.0,3.0,53197.0
19011,2.0,13695.0,2.3,70023.0
19013,3.0,68593.0,2.8,60010.0
19015,6.0,14616.0,2.2,63975.0
19017,3.0,12803.0,2.5,67229.0
19019,6.0,10678.0,2.9,67906.0
19021,7.0,10273.0,2.4,57048.0
19023,8.0,7999.0,3.3,57080.0
19025,9.0,5348.0,2.8,57007.0
19027,7.0,11962.0,2.3,61379.0
19029,6.0,7891.0,3.6,53692.0
19031,6.0,10380.0,2.3,71029.0
19033,5.0,25235.0,3.0,54589.0
19035,6.0,6966.0,2.4,59901.0
19037,6.0,6886.0,6.5,60111.0
19039,6.0,4880.0,3.2,57708.0
19041,7.0,9961.0,2.5,57174.0
19043,8.0,10234.0,3.5,53223.0
19045,4.0,26131.0,3.5,56865.0
19047,7.0,8915.0,2.5,58077.0
19049,2.0,23548.0,1.9,97535.0
19051,9.0,4164.0,3.3,57150.0
19053,9.0,4272.0,3.4,44873.0
19055,6.0,10175.0,2.9,70091.0
19057,5.0,22308.0,3.6,53547.0
19059,7.0,9455.0,2.8,66211.0
19061,3.0,48501.0,3.3,62481.0
19063,7.0,6019.0,2.9,55635.0
19065,6.0,11214.0,3.8,53142.0
19067,7.0,8506.0,3.8,55369.0
19069,7.0,5698.0,2.8,55847.0
19071,8.0,4235.0,2.4,60498.0
19073,6.0,4991.0,3.3,55562.0
19075,3.0,6521.0,2.3,73683.0
19077,2.0,6058.0,2.7,64965.0
19079,6.0,8950.0,2.5,63234.0
19081,7.0,6322.0,2.2,62030.0
19083,6.0,9506.0,3.1,57103.0
19085,2.0,8085.0,2.7,63901.0
19087,6.0,10566.0,3.0,57747.0
19089,6.0,5127.0,3.2,58028.0
19091,7.0,5275.0,2.6,56695.0
19093,8.0,3990.0,2.2,58249.0
19095,6.0,8845.0,2.1,66861.0
19097,6.0,11150.0,3.7,57687.0
19099,6.0,19817.0,2.5,67317.0
19101,7.0,9041.0,2.9,51741.0
19103,3.0,67273.0,1.9,67295.0
19105,2.0,10421.0,2.7,63399.0
19107,8.0,5826.0,3.2,54937.0
19109,7.0,8842.0,2.6,59568.0
19111,5.0,18656.0,4.5,51089.0
19113,2.0,111173.0,2.3,64783.0
19115,8.0,6252.0,3.0,60544.0
19117,6.0,4744.0,2.8,53085.0
19119,8.0,6365.0,2.0,66139.0
19121,2.0,7618.0,3.1,72578.0
19123,7.0,11535.0,2.4,59242.0
19125,6.0,17622.0,2.3,66381.0
19127,4.0,20607.0,2.8,55631.0
19129,2.0,7900.0,2.0,72679.0
19131,7.0,5459.0,2.8,61247.0
19133,6.0,4988.0,3.2,53104.0
19135,7.0,3905.0,3.1,56397.0
19137,6.0,6008.0,3.3,52715.0
19139,4.0,22280.0,2.8,61767.0
19141,7.0,7770.0,2.3,60298.0
19143,7.0,3611.0,2.5,60702.0
19145,6.0,8355.0,3.2,52179.0
19147,7.0,5205.0,2.3,55074.0
19149,3.0,13509.0,2.6,69165.0
19151,9.0,4200.0,2.8,56146.0
19153,2.0,215000.0,2.4,67331.0
19155,2.0,48091.0,2.4,60322.0
19157,7.0,10364.0,2.7,57741.0
19159,9.0,2588.0,3.0,50890.0
19161,9.0,5959.0,2.7,59392.0
19163,2.0,85722.0,3.3,65724.0
19165,6.0,7084.0,2.4,60498.0
19167,7.0,17617.0,2.0,71566.0
19169,3.0,46341.0,1.8,64151.0
19171,6.0,9242.0,3.4,56281.0
19173,9.0,3487.0,3.3,51510.0
19175,6.0,6572.0,3.4,52914.0
19177,9.0,3997.0,3.2,50425.0
19179,5.0,17879.0,3.6,50533.0
19181,2.0,23533.0,2.2,79557.0
19183,3.0,11313.0,2.2,63230.0
19185,9.0,3241.0,3.1,49962.0
19187,5.0,19916.0,3.1,53344.0
19189,7.0,6451.0,2.1,50258.0
19191,7.0,12168.0,2.6,65482.0
19193,3.0,55444.0,2.6,58419.0
19195,9.0,4363.0,3.0,60139.0
19197,7.0,7593.0,2.6,54251.0
20001,7.0,7150.0,4.7,46690.0
20003,6.0,4062.0,4.3,51352.0
20005,6.0,8385.0,4.5,51860.0
20007,9.0,2647.0,2.8,50660.0
20009,7.0,14277.0,3.5,50754.0
20011,6.0,8191.0,3.9,47452.0
20013,6.0,5420.0,5.1,47558.0
20015,2.0,30541.0,4.1,66199.0
20017,9.0,1566.0,3.0,51022.0
20019,8.0,1888.0,4.5,43664.0
20021,6.0,10797.0,4.9,47682.0
20023,9.0,1608.0,2.7,47323.0
20025,9.0,1190.0,2.9,59085.0
20027,6.0,4544.0,3.4,52781.0
20029,7.0,5276.0,3.8,46299.0
20031,6.0,4662.0,3.9,62715.0
20033,9.0,1031.0,2.3,47854.0
20035,4.0,17534.0,4.7,51537.0
20037,4.0,18857.0,4.5,42723.0
20039,9.0,1724.0,2.6,46878.0
20041,7.0,10233.0,3.3,58066.0
20043,3.0,4107.0,5.0,52596.0
20045,3.0,58374.0,2.8,62559.0
20047,9.0,1692.0,2.7,49047.0
20049,8.0,1429.0,5.1,41930.0
20051,5.0,15291.0,2.7,51237.0
20053,7.0,3153.0,3.5,56988.0
20055,5.0,20154.0,2.7,57412.0
20057,5.0,15784.0,2.7,54604.0
20059,6.0,13161.0,3.8,55984.0
20061,4.0,11311.0,4.9,58978.0
20063,9.0,1570.0,2.3,52986.0
20065,9.0,1433.0,2.9,48912.0
20067,7.0,3710.0,3.0,65178.0
20069,9.0,2986.0,2.7,69077.0
20071,9.0,760.0,3.4,58492.0
20073,6.0,3712.0,4.9,44876.0
20075,9.0,1270.0,2.8,55857.0
20077,8.0,3169.0,3.8,47540.0
20079,2.0,17545.0,3.6,62961.0
20081,9.0,2074.0,2.4,62477.0
20083,9.0,1003.0,3.5,58360.0
20085,3.0,6642.0,4.3,60615.0
20087,3.0,9742.0,4.0,68549.0
20089,9.0,1886.0,2.7,46017.0
20091,1.0,262345.0,3.0,91913.0
20093,9.0,2024.0,2.8,67301.0
20095,2.0,4236.0,3.7,56907.0
20097,9.0,1605.0,2.9,49588.0
20099,7.0,11317.0,5.0,44170.0
20101,9.0,1112.0,2.9,60315.0
20103,1.0,31228.0,4.1,75840.0
20105,9.0,1894.0,2.9,47557.0
20107,1.0,4729.0,5.0,62876.0
20109,9.0,1596.0,3.6,53538.0
20111,4.0,18515.0,3.2,49840.0
20113,7.0,15328.0,3.0,65834.0
20115,6.0,6689.0,3.1,51771.0
20117,6.0,5544.0,3.7,55858.0
20119,9.0,2161.0,2.8,64640.0
20121,1.0,15314.0,3.4,74428.0
20123,7.0,3499.0,2.8,51979.0
20125,5.0,16964.0,5.3,44240.0
20127,8.0,3052.0,3.7,54775.0
20129,9.0,1740.0,2.9,56175.0
20131,6.0,5216.0,3.0,63373.0
20133,7.0,8376.0,4.5,49533.0
20135,9.0,1777.0,2.5,54727.0
20137,7.0,2653.0,3.2,49739.0
20139,3.0,8821.0,4.6,55655.0
20141,9.0,2303.0,2.7,46351.0
20143,9.0,3361.0,3.1,58729.0
20145,7.0,3512.0,2.9,65141.0
20147,7.0,3112.0,2.9,51546.0
20149,3.0,9328.0,3.3,73685.0
20151,7.0,5046.0,2.8,53980.0
20153,9.0,1465.0,3.0,50768.0
20155,4.0,32232.0,3.9,53371.0
20157,9.0,2965.0,3.0,47082.0
20159,7.0,5187.0,3.8,56350.0
20161,3.0,30650.0,3.0,51996.0
20163,9.0,2724.0,3.4,49485.0
20165,9.0,1726.0,3.5,53189.0
20167,7.0,3534.0,4.1,46112.0
20169,5.0,29818.0,3.1,56741.0
20171,7.0,2978.0,2.2,62914.0
20173,2.0,237680.0,4.2,60014.0
20175,5.0,10351.0,3.0,55727.0
20177,3.0,91254.0,4.0,59451.0
20179,9.0,1483.0,2.2,54627.0
20181,7.0,3609.0,2.9,54000.0
20183,9.0,2168.0,2.9,45915.0
20185,9.0,2279.0,3.2,51007.0
20187,9.0,1261.0,2.5,63401.0
20189,7.0,2454.0,2.9,61264.0
20191,2.0,12838.0,4.7,53618.0
20193,7.0,4242.0,2.5,58652.0
20195,9.0,1661.0,2.6,52597.0
20197,3.0,3728.0,3.4,66168.0
20199,9.0,928.0,2.3,54714.0
20201,9.0,3338.0,3.6,46263.0
20203,9.0,1250.0,3.0,54009.0
20205,7.0,4983.0,4.0,46243.0
20207,9.0,1698.0,5.0,43751.0
20209,1.0,74200.0,6.3,47292.0
21001,7.0,8203.0,5.0,37650.0
21003,3.0,8479.0,4.3,47307.0
21005,6.0,10199.0,3.4,61308.0
21007,9.0,4221.0,5.9,48053.0
21009,6.0,19340.0,4.6,44859.0
21011,8.0,4949.0,6.1,42248.0
21013,7.0,9902.0,6.5,30940.0
21015,1.0,49124.0,2.9,78806.0
21017,2.0,9996.0,3.3,47046.0
21019,2.0,21471.0,5.7,50017.0
21021,7.0,13526.0,3.9,53644.0
21023,1.0,4191.0,3.5,53289.0
21025,7.0,5398.0,6.7,33407.0
21027,8.0,8667.0,4.7,46069.0
21029,1.0,33514.0,3.2,66335.0
21031,3.0,6610.0,4.0,46305.0
21033,7.0,6207.0,4.4,44144.0
21035,7.0,17309.0,3.9,45574.0
21037,1.0,46627.0,3.3,66520.0
21039,9.0,2410.0,6.1,49659.0
21041,6.0,4974.0,4.3,51672.0
21043,6.0,11746.0,7.1,43492.0
21045,9.0,6869.0,4.5,34751.0
21047,2.0,26464.0,4.7,46390.0
21049,2.0,17028.0,3.7,55428.0
21051,7.0,7229.0,6.5,30175.0
21053,9.0,4528.0,5.0,34005.0
21055,7.0,4353.0,6.4,44595.0
21057,9.0,3187.0,5.6,34897.0
21059,3.0,46839.0,4.2,52620.0
21061,3.0,5034.0,4.9,47482.0
21063,9.0,2458.0,8.8,34262.0
21065,6.0,6024.0,4.7,35004.0
21067,2.0,149579.0,2.9,58981.0
21069,7.0,6488.0,4.6,43943.0
21071,7.0,13815.0,6.9,35828.0
21073,4.0,25464.0,3.3,58917.0
21075,9.0,3147.0,5.2,34376.0
21077,1.0,3917.0,3.9,55273.0
21079,6.0,7567.0,3.5,51757.0
21081,1.0,11584.0,3.8,55210.0
21083,7.0,17147.0,4.9,48038.0
21085,6.0,11256.0,5.1,43771.0
21087,8.0,5345.0,4.5,38896.0
21089,2.0,15824.0,5.8,52179.0
21091,3.0,4185.0,4.9,60626.0
21093,3.0,43043.0,4.3,57711.0
21095,7.0,10039.0,8.2,30050.0
21097,6.0,9145.0,3.5,51475.0
21099,8.0,7637.0,4.7,42718.0
21101,2.0,22860.0,3.5,53199.0
21103,1.0,7780.0,3.1,51806.0
21105,9.0,2367.0,4.6,52331.0
21107,5.0,21259.0,5.3,48769.0
21109,9.0,5043.0,5.6,34940.0
21111,1.0,362574.0,3.6,59025.0
21113,2.0,20689.0,2.9,62533.0
21115,7.0,9091.0,5.7,31202.0
21117,1.0,83076.0,3.2,68692.0
21119,9.0,5708.0,7.3,32613.0
21121,7.0,11116.0,5.7,31634.0
21123,3.0,6422.0,4.4,49785.0
21125,5.0,24149.0,4.1,44033.0
21127,6.0,5496.0,6.9,38055.0
21129,9.0,2491.0,5.8,30905.0
21131,9.0,3931.0,5.8,32202.0
21133,9.0,8799.0,7.8,32435.0
21135,8.0,5606.0,8.5,37410.0
21137,7.0,10827.0,4.0,43220.0
21139,9.0,4929.0,5.6,50521.0
21141,6.0,13266.0,3.6,48902.0
21143,9.0,3154.0,5.6,52978.0
21145,5.0,31641.0,4.6,48219.0
21147,9.0,6068.0,6.6,32701.0
21149,3.0,4763.0,5.0,51184.0
21151,4.0,37428.0,3.5,50316.0
21153,9.0,4448.0,10.4,32045.0
21155,7.0,8591.0,5.0,48062.0
21157,7.0,14757.0,5.1,57945.0
21159,9.0,3448.0,7.2,34291.0
21161,6.0,8303.0,3.7,47861.0
21163,3.0,11731.0,4.0,54946.0
21165,9.0,2602.0,6.2,37457.0
21167,6.0,10699.0,3.8,55267.0
21169,9.0,4601.0,4.5,38978.0
21171,8.0,5397.0,8.0,36512.0
21173,6.0,11218.0,4.3,52903.0
21175,9.0,4876.0,6.4,37433.0
21177,6.0,13095.0,5.8,45049.0
21179,6.0,19647.0,4.1,64795.0
21181,8.0,3265.0,7.0,38084.0
21183,6.0,10573.0,5.1,47542.0
21185,1.0,24078.0,3.0,101152.0
21187,8.0,4998.0,3.6,51494.0
21189,9.0,1525.0,5.6,28727.0
21191,1.0,7169.0,3.4,58962.0
21193,7.0,9989.0,6.6,38000.0
21195,7.0,24910.0,6.1,36875.0
21197,6.0,5811.0,4.9,41760.0
21199,5.0,25693.0,4.3,43568.0
21201,8.0,1092.0,4.3,47017.0
21203,7.0,7154.0,4.7,40790.0
21205,7.0,10783.0,4.3,44068.0
21207,9.0,7433.0,5.7,44056.0
21209,2.0,18354.0,3.1,74719.0
21211,1.0,18345.0,3.0,71737.0
21213,6.0,8475.0,3.4,52931.0
21215,1.0,6532.0,3.0,79863.0
21217,7.0,11191.0,5.1,48485.0
21219,8.0,5754.0,4.1,47742.0
21221,2.0,5952.0,4.4,49955.0
21223,1.0,4087.0,3.7,58998.0
21225,6.0,7415.0,4.7,49870.0
21227,3.0,50234.0,3.7,53238.0
21229,9.0,5225.0,4.1,51286.0
21231,7.0,8172.0,5.4,34449.0
21233,8.0,6777.0,4.5,49079.0
21235,7.0,14285.0,4.8,38191.0
21237,9.0,2520.0,8.4,32773.0
21239,2.0,13423.0,2.7,67815.0
22001,2.0,23815.0,5.7,44728.0
22003,6.0,8687.0,6.6,47111.0
22005,2.0,38264.0,5.1,83072.0
22007,6.0,9957.0,6.2,51763.0
22009,6.0,15650.0,6.2,38316.0
22011,6.0,13959.0,5.2,55343.0
22013,6.0,5911.0,6.5,37198.0
22015,2.0,46913.0,4.7,54080.0
22017,2.0,114488.0,5.0,45613.0
22019,3.0,86147.0,4.9,53050.0
22021,8.0,4332.0,6.6,44007.0
22023,3.0,4520.0,4.9,60317.0
22025,9.0,4123.0,9.1,36794.0
22027,6.0,6461.0,6.2,36497.0
22029,7.0,7728.0,8.2,36276.0
22031,2.0,10753.0,6.0,47347.0
22033,2.0,206329.0,4.5,56303.0
22035,7.0,3091.0,9.4,29943.0
22037,2.0,8242.0,5.6,50041.0
22039,6.0,12090.0,5.8,35146.0
22041,7.0,8171.0,7.1,35484.0
22043,3.0,7874.0,6.1,49544.0
22045,2.0,30367.0,5.6,47731.0
22047,2.0,12564.0,6.9,55198.0
22049,6.0,6681.0,5.5,43232.0
22051,1.0,231068.0,4.5,55909.0
22053,6.0,12739.0,5.7,47988.0
22055,2.0,97017.0,4.0,60053.0
22057,3.0,40936.0,4.4,54145.0
22059,6.0,5871.0,5.7,51014.0
22061,4.0,19004.0,5.3,41608.0
22063,2.0,44619.0,5.5,63852.0
22065,7.0,4949.0,7.8,32229.0
22067,6.0,12414.0,7.4,34922.0
22069,6.0,16533.0,5.7,49536.0
22071,1.0,210183.0,5.3,45092.0
22073,3.0,69592.0,4.6,43235.0
22075,1.0,10981.0,5.7,60795.0
22077,2.0,9711.0,6.1,48011.0
22079,3.0,55496.0,5.3,49687.0
22081,8.0,3535.0,6.8,39806.0
22083,6.0,8637.0,6.7,39586.0
22085,6.0,9263.0,5.1,45486.0
22087,1.0,32101.0,5.3,45806.0
22089,1.0,23836.0,5.4,71579.0
22091,2.0,4043.0,5.6,43376.0
22093,1.0,8809.0,8.4,57250.0
22095,1.0,19950.0,6.6,54944.0
22097,4.0,32607.0,6.3,39599.0
22099,2.0,21267.0,5.4,47247.0
22101,4.0,22398.0,7.2,40918.0
22103,1.0,96134.0,4.2,71526.0
22105,3.0,44999.0,6.3,47860.0
22107,9.0,2469.0,7.4,31436.0
22109,3.0,45649.0,4.5,51719.0
22111,3.0,10150.0,5.5,44617.0
22113,2.0,23222.0,5.2,50193.0
22115,5.0,18230.0,6.0,51652.0
22117,6.0,16722.0,6.0,35505.0
22119,2.0,18383.0,6.0,38386.0
22121,2.0,10128.0,5.1,65344.0
22123,9.0,4830.0,9.3,42614.0
22125,2.0,4790.0,6.6,65296.0
22127,6.0,6014.0,6.4,43166.0
23001,3.0,55658.0,3.4,58958.0
23003,7.0,34890.0,4.2,40675.0
23005,2.0,149798.0,2.5,75254.0
23007,6.0,14475.0,5.0,51136.0
23009,6.0,28841.0,4.0,58926.0
23011,4.0,61285.0,3.5,55358.0
23013,7.0,21005.0,2.7,55910.0
23015,8.0,17893.0,3.0,58619.0
23017,6.0,27797.0,4.0,50344.0
23019,3.0,75415.0,3.7,50702.0
23021,8.0,7954.0,5.2,43509.0
23023,2.0,18934.0,2.6,65841.0
23025,6.0,25228.0,4.7,45333.0
23027,6.0,19123.0,3.9,51073.0
23029,7.0,15790.0,5.9,39068.0
23031,2.0,103380.0,2.6,66803.0
24001,3.0,32861.0,5.9,48170.0
24003,1.0,267305.0,3.0,100916.0
24005,1.0,407954.0,3.7,76972.0
24009,1.0,40333.0,3.0,111056.0
24011,6.0,15346.0,3.6,60143.0
24013,1.0,83866.0,2.9,101810.0
24015,1.0,45734.0,3.5,75307.0
24017,1.0,65066.0,2.9,102510.0
24019,6.0,15572.0,5.1,48709.0
24021,1.0,109517.0,2.7,102951.0
24023,6.0,14501.0,5.1,59253.0
24025,1.0,119773.0,3.2,91492.0
24027,1.0,144498.0,2.5,121329.0
24029,6.0,10056.0,3.8,65615.0
24031,1.0,487315.0,2.6,110012.0
24033,1.0,428841.0,3.7,85357.0
24035,1.0,22680.0,3.0,101350.0
24037,3.0,44305.0,3.2,89123.0
24039,2.0,10437.0,6.2,38731.0
24041,6.0,17500.0,3.3,75714.0
24043,2.0,66087.0,3.6,59785.0
24045,2.0,46184.0,4.1,54351.0
24047,2.0,25963.0,6.1,65821.0
24510,1.0,279702.0,5.9,49780.0
25001,3.0,112651.0,3.6,82686.0
25003,3.0,69644.0,3.0,58805.0
25005,1.0,276086.0,3.9,69857.0
25007,7.0,9996.0,2.9,76036.0
25009,1.0,370168.0,2.9,83253.0
25011,4.0,38733.0,2.6,60143.0
25013,2.0,217628.0,3.4,59918.0
25015,2.0,85354.0,2.3,74142.0
25017,1.0,815566.0,2.3,106543.0
25019,7.0,7228.0,1.5,96030.0
25021,1.0,354448.0,2.4,106851.0
25023,1.0,249496.0,2.8,90584.0
25025,1.0,348509.0,3.1,75843.0
25027,2.0,385069.0,2.9,77795.0
26001,9.0,4476.0,7.0,41491.0
26003,7.0,4379.0,5.5,52285.0
26005,4.0,57841.0,3.0,66568.0
26007,7.0,15556.0,5.7,43676.0
26009,9.0,11615.0,4.8,58317.0
26011,8.0,7663.0,6.0,44017.0
26013,9.0,4127.0,6.7,48371.0
26015,2.0,30460.0,3.4,67703.0
26017,3.0,56876.0,4.2,50130.0
26019,9.0,8396.0,4.7,56934.0
26021,3.0,82599.0,3.9,50659.0
26023,6.0,23437.0,3.9,52255.0
26025,3.0,70440.0,4.3,50205.0
26027,2.0,27105.0,3.3,55029.0
26029,7.0,13829.0,4.6,58831.0
26031,7.0,12973.0,8.4,47876.0
26033,7.0,17485.0,6.6,49610.0
26035,6.0,13046.0,5.6,42480.0
26037,2.0,35575.0,2.7,72666.0
26039,7.0,6709.0,4.8,49114.0
26041,5.0,19835.0,5.5,48880.0
26043,7.0,14012.0,4.3,53751.0
26045,2.0,57825.0,2.9,65891.0
26047,7.0,18076.0,5.7,59456.0
26049,2.0,215258.0,4.6,50554.0
26051,6.0,10977.0,5.5,46458.0
26053,7.0,7739.0,6.5,39030.0
26055,5.0,45576.0,3.5,65041.0
26057,6.0,19555.0,4.7,51046.0
26059,6.0,24188.0,3.8,50015.0
26061,5.0,17140.0,5.1,45006.0
26063,7.0,17620.0,4.7,49126.0
26065,2.0,154290.0,3.1,54704.0
26067,4.0,30034.0,3.8,59582.0
26069,7.0,11631.0,6.7,43605.0
26071,7.0,5669.0,6.0,46814.0
26073,4.0,34809.0,3.4,46677.0
26075,3.0,79143.0,3.5,56001.0
26077,2.0,132912.0,3.1,56739.0
26079,7.0,8557.0,4.8,47620.0
26081,2.0,319225.0,3.2,66560.0
26083,9.0,1052.0,6.5,47318.0
26085,9.0,4465.0,5.9,38044.0
26087,1.0,46111.0,4.0,66415.0
26089,9.0,11325.0,3.2,72888.0
26091,4.0,51742.0,3.9,55466.0
26093,1.0,90176.0,2.4,87827.0
26095,7.0,2757.0,6.2,45464.0
26097,7.0,6892.0,7.8,44986.0
26099,1.0,435921.0,3.3,65051.0
26101,7.0,11847.0,5.5,50047.0
26103,5.0,34199.0,4.5,54913.0
26105,7.0,14746.0,5.0,49869.0
26107,6.0,18935.0,4.4,47705.0
26109,7.0,13282.0,4.3,49189.0
26111,3.0,42571.0,3.4,69859.0
26113,9.0,7005.0,4.6,51317.0
26115,3.0,77244.0,3.3,64341.0
26117,2.0,29431.0,4.3,52089.0
26119,9.0,4096.0,8.3,40126.0
26121,3.0,85667.0,4.2,50730.0
26123,6.0,23067.0,4.7,51772.0
26125,1.0,679479.0,2.6,81257.0
26127,6.0,13238.0,6.1,52319.0
26129,9.0,9614.0,5.6,41347.0
26131,9.0,3656.0,6.6,45531.0
26133,9.0,11184.0,4.7,47343.0
26135,9.0,3902.0,6.3,44594.0
26137,7.0,12359.0,4.3,52392.0
26139,2.0,136110.0,2.8,69827.0
26141,7.0,6516.0,8.6,47339.0
26143,7.0,10395.0,5.7,42546.0
26145,3.0,100311.0,4.2,48471.0
26147,1.0,87419.0,3.9,60208.0
26149,4.0,32591.0,3.5,54024.0
26151,6.0,21958.0,4.8,49917.0
26153,7.0,3933.0,8.4,50256.0
26155,4.0,37425.0,4.0,55633.0
26157,6.0,28756.0,4.7,52342.0
26159,2.0,39663.0,4.2,58733.0
26161,2.0,185256.0,2.4,76728.0
26163,1.0,956145.0,4.0,50753.0
26165,7.0,15612.0,5.5,53146.0
27001,8.0,7157.0,5.9,51936.0
27003,1.0,178460.0,2.6,83363.0
27005,6.0,15564.0,4.8,61311.0
27007,7.0,20245.0,4.5,54638.0
27009,3.0,20503.0,3.4,63395.0
27011,9.0,2767.0,4.2,52692.0
27013,3.0,33769.0,2.7,60408.0
27015,6.0,15359.0,3.6,62904.0
27017,2.0,15816.0,4.7,65749.0
27019,1.0,40886.0,2.3,101891.0
27021,9.0,13341.0,5.3,54267.0
27023,7.0,7092.0,4.9,54984.0
27025,1.0,23131.0,3.5,84811.0
27027,3.0,27944.0,3.1,64874.0
27029,8.0,4178.0,9.1,54896.0
27031,9.0,3122.0,3.9,58664.0
27033,7.0,6244.0,4.6,53725.0
27035,4.0,28973.0,3.9,60384.0
27037,1.0,216174.0,2.4,89075.0
27039,3.0,10188.0,2.9,86436.0
27041,6.0,18139.0,3.2,67592.0
27043,6.0,8576.0,3.6,54193.0
27045,3.0,11703.0,3.1,62716.0
27047,7.0,17363.0,3.4,56716.0
27049,4.0,25043.0,3.0,71497.0
27051,9.0,3282.0,4.8,55247.0
27053,1.0,663451.0,2.6,82323.0
27055,3.0,10903.0,3.9,64920.0
27057,7.0,9113.0,4.8,56064.0
27059,1.0,17855.0,3.3,77963.0
27061,6.0,21575.0,5.6,58660.0
27063,7.0,6127.0,3.0,57915.0
27065,6.0,7889.0,4.7,63595.0
27067,4.0,22843.0,3.1,64129.0
27069,9.0,2570.0,5.4,62762.0
27071,6.0,7221.0,5.1,52545.0
27073,9.0,4113.0,3.4,56825.0
27075,6.0,5899.0,4.1,61082.0
27077,9.0,2340.0,3.9,56244.0
27079,1.0,14881.0,3.7,75519.0
27081,9.0,3454.0,3.5,55328.0
27083,7.0,14612.0,2.8,63849.0
27085,6.0,20199.0,3.2,64380.0
27087,8.0,2464.0,5.6,46702.0
27089,8.0,5176.0,7.7,59793.0
27091,7.0,11677.0,3.4,54602.0
27093,6.0,12277.0,4.2,63812.0
27095,1.0,11821.0,4.4,59262.0
27097,6.0,16629.0,4.5,61847.0
27099,4.0,19898.0,2.8,55276.0
27101,9.0,5173.0,3.7,61007.0
27103,3.0,18060.0,2.7,71067.0
27105,7.0,11063.0,2.9,57300.0
27107,8.0,3711.0,4.4,53961.0
27109,3.0,72411.0,2.6,80631.0
27111,6.0,29225.0,4.0,59901.0
27113,6.0,7646.0,5.8,55870.0
27115,6.0,13379.0,5.1,55684.0
27117,6.0,5394.0,3.3,55405.0
27119,3.0,15759.0,4.7,60582.0
27121,8.0,5849.0,2.9,59442.0
27123,1.0,285276.0,2.8,68652.0
27125,8.0,2198.0,7.2,58384.0
27127,7.0,8872.0,3.1,60097.0
27129,8.0,9134.0,3.9,59110.0
27131,4.0,31461.0,3.0,72438.0
27133,6.0,5225.0,2.6,63451.0
27135,7.0,9262.0,3.5,62924.0
27137,2.0,102968.0,4.2,60228.0
27139,1.0,54095.0,2.5,108718.0
27141,1.0,37720.0,2.9,95323.0
27143,1.0,8756.0,3.2,66757.0
27145,3.0,77990.0,3.0,66449.0
27147,5.0,19419.0,2.8,68603.0
27149,7.0,5677.0,3.3,59045.0
27151,7.0,5654.0,3.7,60127.0
27153,6.0,12331.0,3.8,51746.0
27155,9.0,1808.0,4.6,57602.0
27157,3.0,12263.0,2.8,63435.0
27159,7.0,6659.0,5.0,50663.0
27161,6.0,10564.0,2.9,63907.0
27163,1.0,117541.0,2.4,100857.0
27165,6.0,6029.0,3.2,57290.0
27167,6.0,3681.0,3.0,69890.0
27169,4.0,28814.0,3.0,64219.0
27171,1.0,52339.0,3.1,91374.0
27173,9.0,5708.0,4.1,61074.0
28001,5.0,14470.0,6.2,34583.0
28003,7.0,16633.0,4.8,43496.0
28005,8.0,5530.0,5.3,41575.0
28007,6.0,8316.0,7.0,36905.0
28009,1.0,3191.0,6.4,37875.0
28011,7.0,16196.0,7.1,30309.0
28013,9.0,6914.0,5.6,38648.0
28015,9.0,5015.0,5.6,44885.0
28017,7.0,8763.0,5.3,37533.0
28019,9.0,4021.0,7.4,41146.0
28021,8.0,4266.0,9.0,31221.0
28023,9.0,7598.0,8.1,42826.0
28025,7.0,9734.0,6.1,33653.0
28027,7.0,11731.0,7.6,30242.0
28029,2.0,12208.0,6.1,42299.0
28031,8.0,8378.0,5.5,42076.0
28033,1.0,58817.0,2.4,67450.0
28035,3.0,35007.0,4.8,40224.0
28037,9.0,3434.0,6.5,41420.0
28039,6.0,8367.0,7.5,51858.0
28041,8.0,4774.0,8.4,48641.0
28043,7.0,10514.0,5.5,40561.0
28045,2.0,19461.0,4.6,50401.0
28047,2.0,90600.0,4.6,49619.0
28049,2.0,122075.0,5.0,44773.0
28051,6.0,7566.0,13.0,26348.0
28053,6.0,4231.0,9.2,28464.0
28055,8.0,844.0,10.1,30944.0
28057,7.0,11096.0,5.2,49214.0
28059,2.0,63281.0,5.7,53414.0
28061,9.0,7416.0,5.8,40923.0
28063,8.0,3155.0,11.9,30871.0
28065,8.0,5413.0,9.7,32077.0
28067,4.0,29850.0,4.4,41733.0
28069,9.0,4386.0,8.2,33472.0
28071,4.0,19696.0,4.3,54034.0
28073,3.0,19975.0,3.9,62606.0
28075,5.0,34451.0,5.6,41604.0
28077,8.0,5905.0,7.6,43668.0
28079,6.0,8873.0,6.2,41007.0
28081,5.0,39738.0,4.4,50803.0
28083,5.0,14549.0,8.7,29687.0
28085,6.0,14671.0,5.3,45062.0
28087,5.0,27567.0,5.5,49251.0
28089,2.0,39219.0,4.1,70824.0
28091,6.0,10605.0,5.9,38402.0
28093,1.0,15221.0,4.1,43107.0
28095,7.0,17639.0,7.0,42464.0
28097,7.0,5317.0,6.2,38475.0
28099,7.0,13313.0,5.3,41795.0
28101,7.0,9815.0,5.5,42962.0
28103,7.0,4705.0,8.8,32916.0
28105,5.0,20670.0,5.0,41631.0
28107,6.0,14679.0,6.9,40655.0
28109,6.0,21193.0,5.0,45874.0
28111,3.0,5174.0,6.1,43106.0
28113,6.0,16027.0,6.2,35044.0
28115,7.0,13627.0,4.5,48910.0
28117,7.0,12241.0,5.0,43465.0
28119,6.0,4015.0,7.1,29318.0
28121,2.0,63192.0,3.5,67284.0
28123,6.0,12700.0,4.6,41532.0
28125,8.0,2629.0,9.7,31138.0
28127,2.0,11822.0,4.8,47664.0
28129,8.0,7315.0,4.7,46296.0
28131,6.0,6553.0,5.5,47187.0
28133,7.0,12070.0,8.8,32948.0
28135,7.0,6011.0,8.0,31915.0
28137,1.0,11683.0,3.6,50188.0
28139,6.0,9777.0,5.6,44696.0
28141,8.0,8906.0,6.9,43341.0
28143,1.0,4023.0,4.9,33993.0
28145,6.0,12488.0,4.4,49320.0
28147,9.0,6299.0,6.7,35465.0
28149,4.0,24281.0,5.0,46606.0
28151,5.0,25944.0,7.6,31018.0
28153,7.0,8794.0,6.3,39036.0
28155,9.0,4680.0,4.9,46110.0
28157,8.0,3511.0,8.3,32612.0
28159,7.0,8656.0,6.7,37596.0
28161,7.0,5724.0,5.7,40515.0
28163,2.0,10690.0,7.0,34817.0
29001,7.0,13738.0,2.9,43044.0
29003,3.0,8854.0,3.1,62823.0
29005,9.0,3470.0,2.6,50516.0
29007,6.0,13162.0,3.0,45609.0
29009,6.0,17280.0,3.3,47155.0
29011,6.0,6749.0,2.7,46397.0
29013,1.0,8169.0,3.6,48442.0
29015,7.0,7753.0,5.2,42144.0
29017,3.0,6243.0,4.1,45868.0
29019,3.0,79087.0,2.2,58029.0
29021,3.0,42508.0,3.5,49216.0
29023,5.0,19857.0,4.7,41327.0
29025,1.0,4467.0,3.3,52872.0
29027,3.0,21850.0,2.8,58720.0
29029,7.0,19838.0,4.0,51460.0
29031,3.0,40258.0,2.9,57618.0
29033,6.0,5220.0,3.2,50628.0
29035,9.0,2627.0,5.5,36383.0
29037,1.0,44968.0,2.8,73882.0
29039,6.0,6114.0,3.6,38427.0
29041,9.0,4490.0,3.7,50589.0
29043,2.0,30728.0,2.8,63400.0
29045,9.0,3822.0,3.6,46001.0
29047,1.0,107238.0,2.4,70705.0
29049,1.0,9982.0,3.0,64541.0
29051,3.0,39799.0,2.6,61847.0
29053,6.0,8362.0,3.2,56957.0
29055,6.0,11397.0,4.3,48315.0
29057,8.0,3880.0,3.5,42421.0
29059,2.0,7192.0,4.4,42389.0
29061,8.0,4044.0,3.2,48197.0
29063,3.0,4967.0,3.8,53997.0
29065,7.0,7085.0,4.7,45540.0
29067,6.0,6270.0,4.5,39773.0
29069,7.0,15171.0,4.4,38880.0
29071,1.0,51145.0,3.6,61428.0
29073,6.0,8070.0,3.4,53751.0
29075,8.0,3438.0,3.1,53663.0
29077,2.0,132532.0,2.8,45313.0
29079,7.0,5401.0,3.2,44323.0
29081,7.0,4657.0,3.1,43016.0
29083,6.0,11395.0,3.5,46995.0
29085,8.0,3425.0,6.0,32934.0
29087,8.0,2812.0,3.1,47429.0
29089,6.0,5380.0,3.0,49923.0
29091,7.0,18738.0,3.7,40177.0
29093,7.0,4950.0,5.5,39292.0
29095,1.0,348024.0,3.5,57907.0
29097,3.0,54160.0,3.3,46021.0
29099,1.0,110571.0,3.2,68779.0
29101,4.0,24854.0,3.2,58396.0
29103,9.0,2195.0,3.5,41755.0
29105,6.0,17074.0,3.6,43969.0
29107,1.0,17557.0,3.2,62264.0
29109,6.0,18438.0,3.2,45746.0
29111,9.0,5683.0,3.3,40782.0
29113,1.0,20720.0,3.3,69178.0
29115,7.0,7238.0,5.0,45774.0
29117,6.0,7581.0,2.7,49065.0
29119,2.0,10700.0,3.6,39615.0
29121,7.0,8617.0,4.1,45717.0
29123,6.0,5618.0,4.8,43919.0
29125,8.0,4704.0,3.6,49712.0
29127,5.0,15075.0,3.8,50803.0
29129,9.0,1982.0,2.9,44343.0
29131,6.0,12820.0,4.3,49252.0
29133,6.0,6227.0,5.1,36802.0
29135,3.0,7472.0,3.1,57321.0
29137,9.0,4917.0,3.7,48399.0
29139,6.0,6387.0,3.4,50282.0
29141,8.0,9597.0,4.1,44473.0
29143,7.0,9515.0,4.8,42115.0
29145,3.0,27636.0,3.8,53251.0
29147,6.0,12404.0,2.3,47419.0
29149,9.0,4479.0,3.9,35356.0
29151,3.0,7390.0,3.8,60728.0
29153,9.0,4448.0,4.2,36019.0
29155,7.0,8447.0,5.6,34280.0
29157,6.0,10353.0,2.6,57032.0
29159,4.0,21290.0,3.3,48516.0
29161,5.0,20248.0,3.4,46573.0
29163,6.0,8854.0,3.5,49089.0
29165,1.0,45078.0,2.2,84456.0
29167,2.0,13133.0,3.1,44837.0
29169,5.0,15418.0,4.9,55620.0
29171,9.0,2516.0,3.3,42434.0
29173,9.0,5729.0,3.6,63419.0
29175,6.0,12373.0,3.8,48043.0
29177,1.0,12100.0,3.6,61678.0
29179,9.0,2810.0,7.0,37415.0
29181,9.0,5837.0,5.0,35788.0
29183,1.0,166638.0,2.5,89236.0
29185,8.0,4471.0,3.9,39319.0
29186,6.0,9665.0,3.2,61662.0
29187,4.0,26062.0,5.5,43886.0
29189,1.0,556301.0,3.0,70161.0
29195,6.0,12923.0,2.9,47324.0
29197,9.0,2225.0,4.3,43183.0
29199,9.0,2634.0,2.9,46871.0
29201,4.0,21107.0,4.3,44924.0
29203,9.0,3901.0,5.3,36477.0
29205,9.0,3741.0,4.6,45939.0
29207,6.0,15144.0,4.2,42363.0
29209,6.0,14925.0,6.1,50262.0
29211,9.0,3781.0,3.0,43421.0
29213,4.0,23948.0,6.5,49314.0
29215,9.0,10890.0,5.0,38914.0
29217,7.0,10588.0,2.8,46182.0
29219,1.0,13559.0,3.3,63726.0
29221,6.0,9935.0,5.8,41198.0
29223,9.0,5513.0,5.3,35397.0
29225,2.0,15166.0,3.4,54844.0
29227,9.0,1216.0,3.6,45023.0
29229,6.0,8436.0,4.4,39384.0
29510,1.0,161831.0,5.4,46309.0
30001,7.0,5042.0,4.2,49771.0
30003,6.0,5462.0,9.5,43718.0
30005,9.0,2986.0,5.5,44090.0
30007,9.0,2243.0,4.5,60622.0
30009,3.0,5006.0,4.5,57585.0
30011,9.0,778.0,3.6,49057.0
30013,3.0,38426.0,5.0,51732.0
30015,8.0,2814.0,3.8,48017.0
30017,7.0,6007.0,4.6,49379.0
30019,9.0,978.0,4.7,50001.0
30021,7.0,4781.0,4.1,56677.0
30023,7.0,4261.0,7.2,41780.0
30025,9.0,1551.0,3.7,65651.0
30027,7.0,6141.0,5.3,48703.0
30029,5.0,39434.0,5.3,61334.0
30031,5.0,41704.0,3.6,73731.0
30033,9.0,709.0,4.2,43106.0
30035,7.0,5735.0,8.2,41808.0
30037,3.0,548.0,5.3,40469.0
30039,8.0,1359.0,6.3,49646.0
30041,7.0,8027.0,4.9,51881.0
30043,9.0,5388.0,4.8,70929.0
30045,8.0,1186.0,4.6,49401.0
30047,6.0,12358.0,5.6,49019.0
30049,5.0,31289.0,4.1,66075.0
30051,9.0,966.0,4.2,41240.0
30053,7.0,7914.0,8.5,43669.0
30055,9.0,1106.0,3.7,48551.0
30057,9.0,3367.0,5.0,56579.0
30059,9.0,996.0,5.9,43946.0
30061,8.0,1894.0,6.5,43928.0
30063,3.0,54341.0,4.1,57279.0
30065,8.0,2102.0,6.1,48290.0
30067,7.0,9075.0,5.2,51740.0
30069,9.0,253.0,6.7,42081.0
30071,9.0,2331.0,4.5,47679.0
30073,7.0,2990.0,4.8,48542.0
30075,9.0,1006.0,3.9,47843.0
30077,6.0,2894.0,5.8,49387.0
30079,9.0,618.0,5.2,46663.0
30081,6.0,17150.0,5.4,57209.0
30083,7.0,4993.0,5.3,69095.0
30085,7.0,4275.0,7.1,38409.0
30087,9.0,4291.0,5.9,58139.0
30089,8.0,4421.0,7.0,45193.0
30091,9.0,2026.0,4.6,51111.0
30093,5.0,17240.0,5.8,49249.0
30095,8.0,4434.0,4.6,68186.0
30097,9.0,1996.0,3.2,55259.0
30099,8.0,2988.0,4.5,54458.0
30101,7.0,2534.0,4.1,49448.0
30103,8.0,459.0,4.8,51754.0
30105,7.0,3862.0,4.5,51869.0
30107,9.0,1127.0,4.9,42059.0
30109,9.0,553.0,4.5,51145.0
30111,3.0,71661.0,4.1,61435.0
31001,4.0,17137.0,2.6,55182.0
31003,9.0,3954.0,2.8,50771.0
31005,9.0,270.0,2.2,46417.0
31007,9.0,425.0,2.8,54706.0
31009,9.0,317.0,3.5,45411.0
31011,9.0,3206.0,2.4,58204.0
31013,7.0,6380.0,3.9,61522.0
31015,9.0,1248.0,3.0,46548.0
31017,9.0,1907.0,3.3,48843.0
31019,4.0,24744.0,2.3,64759.0
31021,8.0,4103.0,3.7,54554.0
31023,6.0,4672.0,2.8,63310.0
31025,2.0,13467.0,2.8,72915.0
31027,9.0,5007.0,2.5,60400.0
31029,9.0,2103.0,2.3,57656.0
31031,7.0,3500.0,2.5,50677.0
31033,7.0,5618.0,2.3,56229.0
31035,8.0,3618.0,2.9,63829.0
31037,7.0,5646.0,2.1,62472.0
31039,7.0,5642.0,2.3,59505.0
31041,7.0,6154.0,2.5,51004.0
31043,3.0,10789.0,3.2,61010.0
31045,7.0,5029.0,3.0,46377.0
31047,7.0,12259.0,3.0,56839.0
31049,9.0,1167.0,2.9,48793.0
31051,3.0,3321.0,2.6,57324.0
31053,4.0,19639.0,3.1,60853.0
31055,2.0,256893.0,3.0,67264.0
31057,9.0,1201.0,2.2,45446.0
31059,8.0,3494.0,2.6,60440.0
31061,9.0,1803.0,2.7,49659.0
31063,9.0,1732.0,2.5,55712.0
31065,9.0,2624.0,2.8,50705.0
31067,6.0,12540.0,3.0,56817.0
31069,9.0,1209.0,2.6,41158.0
31071,9.0,1009.0,2.5,52707.0
31073,9.0,1134.0,2.6,64870.0
31075,9.0,436.0,2.3,60773.0
31077,8.0,1395.0,2.9,48178.0
31079,3.0,28700.0,2.9,57371.0
31081,3.0,5104.0,2.4,68236.0
31083,9.0,1910.0,2.6,53362.0
31085,9.0,582.0,3.4,46399.0
31087,9.0,1530.0,2.6,49451.0
31089,7.0,6221.0,2.6,54474.0
31091,9.0,448.0,3.3,50093.0
31093,3.0,3531.0,2.5,56881.0
31095,7.0,4345.0,3.2,56740.0
31097,8.0,2489.0,6.1,54567.0
31099,7.0,3717.0,2.0,64461.0
31101,7.0,4843.0,2.7,51478.0
31103,9.0,496.0,2.4,46010.0
31105,8.0,2183.0,2.4,52284.0
31107,9.0,4782.0,3.7,53676.0
31109,2.0,147326.0,2.3,61383.0
31111,5.0,18270.0,3.2,60924.0
31113,9.0,415.0,2.4,53108.0
31115,9.0,333.0,2.4,51559.0
31117,9.0,271.0,1.8,52033.0
31119,5.0,19149.0,3.2,58275.0
31121,3.0,4259.0,2.7,53411.0
31123,9.0,2780.0,3.5,49982.0
31125,8.0,2050.0,3.0,55853.0
31127,7.0,3750.0,4.0,55343.0
31129,9.0,2562.0,2.6,48624.0
31131,6.0,8270.0,3.1,66293.0
31133,9.0,1627.0,3.5,47006.0
31135,9.0,1636.0,2.3,63443.0
31137,7.0,5333.0,2.2,61420.0
31139,9.0,4188.0,2.6,67465.0
31141,5.0,17356.0,2.8,62804.0
31143,9.0,3019.0,2.3,66462.0
31145,7.0,6148.0,2.6,50260.0
31147,7.0,4695.0,5.0,50207.0
31149,9.0,1007.0,2.8,53905.0
31151,6.0,7585.0,2.6,59937.0
31153,2.0,65526.0,2.3,84016.0
31155,2.0,10995.0,2.8,71086.0
31157,5.0,18652.0,4.0,50263.0
31159,2.0,9132.0,2.3,72291.0
31161,9.0,3273.0,2.9,46159.0
31163,8.0,1772.0,2.8,48735.0
31165,9.0,796.0,1.8,47983.0
31167,9.0,3510.0,2.6,62045.0
31169,9.0,3140.0,2.5,52439.0
31171,9.0,414.0,5.1,51401.0
31173,8.0,2821.0,6.9,48891.0
31175,9.0,2411.0,2.7,47981.0
31177,2.0,10808.0,2.4,75197.0
31179,6.0,5666.0,2.5,57655.0
31181,9.0,1950.0,2.7,49518.0
31183,9.0,496.0,2.4,50207.0
31185,6.0,7793.0,2.5,59749.0
32001,6.0,12057.0,5.7,56335.0
32003,1.0,732863.0,4.2,62131.0
32005,4.0,21882.0,3.8,76296.0
32007,5.0,24401.0,3.6,83287.0
32009,9.0,513.0,8.0,50675.0
32011,9.0,800.0,3.0,71541.0
32013,7.0,7849.0,4.5,73106.0
32015,7.0,2868.0,5.3,81239.0
32017,8.0,1666.0,4.6,58782.0
32019,4.0,18035.0,5.4,59406.0
32021,7.0,2364.0,7.7,43771.0
32023,4.0,14139.0,6.3,48490.0
32027,9.0,2573.0,4.1,58562.0
32029,2.0,2011.0,2.9,88003.0
32031,2.0,196275.0,3.4,71733.0
32033,7.0,3798.0,3.8,60086.0
32510,3.0,26686.0,3.4,58126.0
33001,4.0,30857.0,2.4,68752.0
33003,6.0,23568.0,2.7,64495.0
33005,4.0,39785.0,2.6,65326.0
33007,7.0,17084.0,3.6,49156.0
33009,5.0,44717.0,2.4,62468.0
33011,2.0,211924.0,2.5,82862.0
33013,4.0,74558.0,2.4,75800.0
33015,1.0,160058.0,3.0,91416.0
33017,1.0,61624.0,2.7,71486.0
33019,7.0,21626.0,2.5,63518.0
34001,2.0,128980.0,4.6,62678.0
34003,1.0,469010.0,3.1,107971.0
34005,1.0,221369.0,3.1,88443.0
34007,1.0,254250.0,3.8,73168.0
34009,3.0,55536.0,6.4,66565.0
34011,3.0,65531.0,5.8,54179.0
34013,1.0,365927.0,4.5,64522.0
34015,1.0,134834.0,3.6,87996.0
34017,1.0,297595.0,4.8,77738.0
34019,1.0,67939.0,2.3,117275.0
34021,2.0,180170.0,3.2,79475.0
34023,1.0,401450.0,3.3,92770.0
34025,1.0,318347.0,3.2,102579.0
34027,1.0,261228.0,2.6,116328.0
34029,1.0,232237.0,3.7,75627.0
34031,1.0,236190.0,4.6,76039.0
34033,1.0,31544.0,3.8,68146.0
34035,1.0,165639.0,2.6,112722.0
34037,1.0,79520.0,2.9,100281.0
34039,1.0,264668.0,3.9,79953.0
34041,2.0,55676.0,2.9,83998.0
35001,2.0,287376.0,4.1,56148.0
35003,9.0,1447.0,6.8,37190.0
35005,5.0,25634.0,5.7,43687.0
35006,6.0,9907.0,6.9,40436.0
35007,7.0,6927.0,5.1,42754.0
35009,5.0,18623.0,4.7,45623.0
35011,9.0,958.0,4.8,34746.0
35013,3.0,75962.0,6.2,43618.0
35015,5.0,23123.0,5.7,63671.0
35017,7.0,12772.0,5.9,43175.0
35019,7.0,1781.0,7.4,36554.0
35021,9.0,413.0,4.4,38162.0
35023,9.0,2615.0,6.9,37322.0
35025,5.0,22501.0,5.3,63012.0
35027,7.0,9586.0,4.3,47254.0
35028,6.0,10433.0,3.1,122001.0
35029,6.0,10686.0,15.8,32544.0
35031,5.0,24414.0,6.7,36404.0
35033,9.0,1958.0,10.7,36968.0
35035,4.0,24229.0,5.4,43135.0
35037,7.0,4415.0,5.0,34596.0
35039,4.0,18840.0,6.2,44579.0
35041,7.0,7981.0,4.5,44928.0
35043,2.0,43295.0,4.3,71118.0
35045,3.0,49327.0,5.8,46201.0
35047,6.0,12497.0,5.9,36986.0
35049,3.0,70259.0,3.7,61791.0
35051,6.0,5257.0,4.5,33661.0
35053,6.0,7911.0,5.1,39582.0
35055,7.0,15492.0,6.8,43032.0
35057,2.0,7532.0,5.1,39532.0
35059,9.0,2046.0,3.8,38221.0
35061,2.0,29954.0,4.7,54867.0
36001,2.0,154389.0,3.3,69408.0
36003,7.0,22711.0,4.9,49411.0
36005,1.0,485706.0,7.1,41470.0
36007,2.0,97978.0,3.6,52179.0
36009,4.0,40965.0,4.5,50783.0
36011,4.0,40294.0,3.9,58055.0
36013,4.0,67900.0,4.0,50143.0
36015,3.0,42647.0,4.3,58400.0
36017,6.0,24434.0,4.0,51894.0
36019,5.0,38466.0,4.6,59069.0
36021,6.0,31424.0,3.4,71563.0
36023,4.0,24094.0,4.3,55143.0
36025,6.0,22124.0,4.1,51038.0
36027,1.0,138799.0,3.2,84564.0
36029,1.0,466753.0,4.2,60620.0
36031,6.0,18486.0,4.8,55091.0
36033,7.0,22151.0,5.7,48943.0
36035,4.0,26258.0,4.6,50061.0
36037,4.0,32509.0,3.9,62570.0
36039,6.0,22550.0,4.5,54746.0
36041,8.0,2855.0,5.5,60148.0
36043,2.0,31620.0,4.2,55778.0
36045,3.0,44876.0,5.9,53829.0
36047,1.0,1040727.0,6.4,66501.0
36049,6.0,12669.0,5.1,56599.0
36051,1.0,32874.0,4.0,60268.0
36053,2.0,34954.0,3.8,61713.0
36055,1.0,376118.0,3.5,62159.0
36057,4.0,23584.0,4.8,52092.0
36059,1.0,675516.0,3.3,117767.0
36061,1.0,853715.0,5.1,93007.0
36063,1.0,109672.0,4.7,56371.0
36065,2.0,110679.0,3.9,56516.0
36067,2.0,230067.0,3.5,61597.0
36069,1.0,54445.0,3.5,66754.0
36071,1.0,161703.0,3.4,83188.0
36073,1.0,20255.0,4.6,53115.0
36075,2.0,58570.0,4.7,57640.0
36077,7.0,29655.0,4.2,52414.0
36079,1.0,52159.0,2.9,105600.0
36081,1.0,1062379.0,5.3,72975.0
36083,2.0,80621.0,3.6,70688.0
36085,1.0,216807.0,5.1,86624.0
36087,1.0,144398.0,3.3,99831.0
36089,4.0,48815.0,5.7,51742.0
36091,2.0,110405.0,3.3,89071.0
36093,2.0,72405.0,3.5,64960.0
36095,2.0,15156.0,4.2,58927.0
36097,6.0,9375.0,4.5,52215.0
36099,6.0,16382.0,4.1,51064.0
36101,4.0,47928.0,4.1,53167.0
36103,1.0,733284.0,3.4,105241.0
36105,4.0,33050.0,4.3,58851.0
36107,2.0,26465.0,3.4,60699.0
36109,3.0,50666.0,3.3,59176.0
36111,3.0,88281.0,3.5,64090.0
36113,3.0,33234.0,4.1,63240.0
36115,3.0,30056.0,3.7,56897.0
36117,1.0,48843.0,3.8,61989.0
36119,1.0,462283.0,3.4,101741.0
36121,6.0,20283.0,4.7,58214.0
36123,1.0,12085.0,3.7,60612.0
37001,3.0,69404.0,3.2,57963.0
37003,2.0,19388.0,2.8,54960.0
37005,9.0,5641.0,6.0,41420.0
37007,6.0,11019.0,5.3,40826.0
37009,7.0,12503.0,5.1,41542.0
37011,8.0,7944.0,4.0,45823.0
37013,6.0,20693.0,6.1,49410.0
37015,7.0,8384.0,7.1,37899.0
37017,6.0,14682.0,6.1,42260.0
37019,2.0,35477.0,4.5,63712.0
37021,2.0,107737.0,3.1,55448.0
37023,2.0,46301.0,3.6,47890.0
37025,1.0,72014.0,3.0,72071.0
37027,2.0,42442.0,2.9,48512.0
37029,8.0,3317.0,3.0,69610.0
37031,4.0,29617.0,4.2,60058.0
37033,8.0,10889.0,3.8,51240.0
37035,2.0,80294.0,2.8,53688.0
37037,2.0,26835.0,2.8,70258.0
37039,9.0,11475.0,6.5,42764.0
37041,6.0,6489.0,4.0,47126.0
37043,9.0,4036.0,4.1,47116.0
37045,4.0,49013.0,5.0,46012.0
37047,6.0,23528.0,7.7,39531.0
37049,3.0,38592.0,4.2,53372.0
37051,2.0,119314.0,4.5,46599.0
37053,1.0,9220.0,2.8,70699.0
37055,4.0,18782.0,4.3,63033.0
37057,2.0,79630.0,3.3,53924.0
37059,2.0,18442.0,4.2,63828.0
37061,6.0,23428.0,4.3,44929.0
37063,2.0,122239.0,3.0,65541.0
37065,3.0,25077.0,5.9,40784.0
37067,2.0,161821.0,3.2,53054.0
37069,1.0,24426.0,3.3,57371.0
37071,1.0,100086.0,5.5,56542.0
37073,1.0,4655.0,3.4,54204.0
37075,9.0,3815.0,6.6,45813.0
37077,4.0,22522.0,4.4,54300.0
37079,8.0,8609.0,4.7,44648.0
37081,2.0,233168.0,3.3,55820.0
37083,4.0,22933.0,6.1,38727.0
37085,4.0,42309.0,3.8,55619.0
37087,2.0,25889.0,3.9,51612.0
37089,2.0,42232.0,3.0,61651.0
37091,6.0,9517.0,5.2,42374.0
37093,2.0,14490.0,5.7,48420.0
37095,9.0,2868.0,5.7,43112.0
37097,1.0,65973.0,3.5,68308.0
37099,6.0,17210.0,3.9,47759.0
37101,1.0,64088.0,2.9,62835.0
37103,3.0,4672.0,4.6,46275.0
37105,4.0,24634.0,4.0,53114.0
37107,4.0,27770.0,5.3,39947.0
37109,1.0,34807.0,3.8,70479.0
37111,6.0,21433.0,4.3,46370.0
37113,7.0,14124.0,3.9,46279.0
37115,2.0,9381.0,3.8,50062.0
37117,6.0,11813.0,7.0,39413.0
37119,1.0,395941.0,3.0,69455.0
37121,7.0,7775.0,4.5,47675.0
37123,6.0,12765.0,3.9,46497.0
37125,4.0,34637.0,3.6,63942.0
37127,3.0,43535.0,4.6,50902.0
37129,2.0,87717.0,3.7,57252.0
37131,9.0,8701.0,5.5,39777.0
37133,3.0,53232.0,4.4,50645.0
37135,2.0,64850.0,2.5,74314.0
37137,3.0,5424.0,4.1,52522.0
37139,4.0,15435.0,3.8,51245.0
37141,2.0,19462.0,4.1,60405.0
37143,8.0,4778.0,3.9,50804.0
37145,2.0,18166.0,4.4,54553.0
37147,3.0,69930.0,4.2,52961.0
37149,8.0,8501.0,3.6,53405.0
37151,2.0,72356.0,3.4,50129.0
37153,5.0,20906.0,5.4,40518.0
37155,4.0,53652.0,6.8,36366.0
37157,2.0,46167.0,4.8,44686.0
37159,1.0,65551.0,4.5,52051.0
37161,4.0,31014.0,5.9,44547.0
37163,6.0,28856.0,3.5,45997.0
37165,6.0,15740.0,6.4,39197.0
37167,6.0,29853.0,3.9,58303.0
37169,2.0,23943.0,3.5,52356.0
37171,4.0,37000.0,4.1,48637.0
37173,8.0,6200.0,8.9,46075.0
37175,6.0,13403.0,3.3,55628.0
37177,9.0,1882.0,7.3,37680.0
37179,1.0,67255.0,2.8,86138.0
37181,4.0,20260.0,6.9,40450.0
37183,1.0,366355.0,2.4,84377.0
37185,8.0,8138.0,6.1,37027.0
37187,7.0,5969.0,5.4,40157.0
37189,5.0,23251.0,2.9,51630.0
37191,3.0,50945.0,4.0,45634.0
37193,6.0,34020.0,3.6,45250.0
37195,4.0,37230.0,5.6,42414.0
37197,2.0,19081.0,3.6,50929.0
37199,8.0,8516.0,3.7,47664.0
38001,9.0,1317.0,2.7,55880.0
38003,6.0,6029.0,3.2,60689.0
38005,9.0,2618.0,6.0,45709.0
38007,9.0,486.0,2.5,69528.0
38009,9.0,3484.0,3.8,62904.0
38011,9.0,1802.0,2.1,65411.0
38013,9.0,1054.0,2.9,67545.0
38015,3.0,40143.0,2.3,73565.0
38017,3.0,75396.0,2.1,63977.0
38019,9.0,2358.0,3.4,63484.0
38021,9.0,3065.0,2.1,57490.0
38023,9.0,1067.0,2.9,61506.0
38025,9.0,1765.0,3.2,75723.0
38027,9.0,1364.0,4.2,54465.0
38029,8.0,2081.0,4.2,53073.0
38031,9.0,1959.0,2.9,54917.0
38033,9.0,912.0,3.1,58370.0
38035,3.0,35959.0,2.8,57388.0
38037,8.0,1365.0,3.1,41841.0
38039,9.0,1372.0,2.5,56527.0
38041,9.0,1258.0,3.0,54600.0
38043,8.0,1305.0,4.6,50570.0
38045,9.0,2289.0,2.8,56059.0
38047,9.0,1045.0,2.8,51496.0
38049,9.0,2815.0,4.9,59661.0
38051,9.0,1562.0,2.9,47349.0
38053,9.0,2681.0,3.1,86890.0
38055,8.0,4562.0,4.7,67453.0
38057,7.0,4499.0,4.3,83341.0
38059,3.0,13865.0,3.0,68051.0
38061,9.0,3021.0,4.7,69040.0
38063,8.0,1823.0,3.8,56098.0
38065,3.0,1128.0,4.2,72919.0
38067,9.0,4690.0,5.2,59970.0
38069,7.0,2196.0,3.4,56753.0
38071,7.0,6191.0,3.4,60710.0
38073,8.0,3101.0,2.4,66422.0
38075,9.0,1306.0,2.5,84986.0
38077,6.0,9383.0,2.7,62837.0
38079,9.0,5233.0,9.5,45296.0
38081,9.0,2351.0,2.4,67551.0
38083,9.0,791.0,5.2,58725.0
38085,3.0,1264.0,5.6,37133.0
38087,9.0,426.0,2.6,52695.0
38089,7.0,12323.0,2.8,68759.0
38091,8.0,1175.0,2.0,67661.0
38093,7.0,11850.0,2.5,60297.0
38095,9.0,1441.0,2.8,53024.0
38097,8.0,4270.0,2.9,69443.0
38099,6.0,6459.0,3.6,59153.0
38101,5.0,27985.0,3.2,68634.0
38103,9.0,2352.0,4.0,56167.0
38105,7.0,10532.0,2.9,84606.0
39001,6.0,12554.0,7.6,43145.0
39003,3.0,51480.0,4.7,58271.0
39005,4.0,27040.0,4.3,52554.0
39007,4.0,50443.0,5.2,47388.0
39009,4.0,27718.0,5.7,43621.0
39011,4.0,25081.0,3.6,64227.0
39013,3.0,31012.0,6.6,50166.0
39015,1.0,20613.0,5.5,58441.0
39017,1.0,173019.0,3.9,68611.0
39019,2.0,14140.0,4.7,56999.0
39021,6.0,20477.0,3.9,62077.0
39023,3.0,72210.0,4.7,50832.0
39025,1.0,95185.0,3.9,68724.0
39027,6.0,21848.0,3.8,52870.0
39029,4.0,54229.0,5.2,52693.0
39031,6.0,18190.0,4.7,49679.0
39033,4.0,23451.0,4.6,49484.0
39035,1.0,685192.0,3.0,52503.0
39037,6.0,27823.0,4.3,56824.0
39039,4.0,21190.0,4.0,60918.0
39041,1.0,62552.0,2.9,110252.0
39043,4.0,42059.0,4.6,60790.0
39045,1.0,65419.0,3.5,71782.0
39047,6.0,14907.0,4.2,51023.0
39049,1.0,591995.0,3.4,64648.0
39051,2.0,22633.0,4.3,64334.0
39053,6.0,13338.0,7.4,48094.0
39055,1.0,48654.0,2.3,79865.0
39057,2.0,76112.0,4.0,69709.0
39059,6.0,18681.0,6.8,48283.0
39061,1.0,427511.0,4.0,60251.0
39063,4.0,38875.0,3.6,62720.0
39065,6.0,15706.0,4.4,51155.0
39067,6.0,7176.0,5.6,50137.0
39069,6.0,15234.0,4.6,61351.0
39071,6.0,19540.0,4.7,47126.0
39073,1.0,13151.0,6.7,51016.0
39075,7.0,17699.0,3.1,62596.0
39077,4.0,30662.0,5.9,56704.0
39079,7.0,14456.0,6.3,50671.0
39081,3.0,31703.0,6.2,47652.0
39083,4.0,27368.0,4.5,59957.0
39085,1.0,127880.0,2.5,65040.0
39087,2.0,26156.0,7.9,46433.0
39089,1.0,77278.0,3.9,66321.0
39091,6.0,24096.0,3.9,60624.0
39093,1.0,146990.0,3.0,59201.0
39095,2.0,226787.0,4.9,49924.0
39097,1.0,19295.0,3.7,65696.0
39099,2.0,120087.0,5.5,48018.0
39101,4.0,31706.0,4.5,51479.0
39103,1.0,84092.0,2.4,78540.0
39105,6.0,9834.0,7.8,43754.0
39107,7.0,21673.0,4.4,67075.0
39109,2.0,53782.0,3.8,63524.0
39111,8.0,6342.0,7.6,48231.0
39113,2.0,278871.0,4.3,54704.0
39115,6.0,6601.0,7.2,46883.0
39117,1.0,16408.0,4.1,59498.0
39119,4.0,42027.0,5.6,52105.0
39121,7.0,5649.0,6.9,50788.0
39123,4.0,21365.0,5.5,63352.0
39125,6.0,10467.0,4.1,58100.0
39127,1.0,16117.0,5.7,51875.0
39129,1.0,23829.0,4.3,63931.0
39131,7.0,11433.0,7.4,46255.0
39133,2.0,84524.0,4.2,57439.0
39135,6.0,21858.0,4.1,62128.0
39137,6.0,18240.0,3.5,73454.0
39139,3.0,63156.0,5.5,51883.0
39141,4.0,33458.0,5.5,54728.0
39143,4.0,32734.0,4.5,58415.0
39145,4.0,32049.0,7.8,45410.0
39147,4.0,30877.0,4.6,55664.0
39149,4.0,25487.0,4.2,64304.0
39151,2.0,192444.0,4.5,55623.0
39153,2.0,279598.0,4.5,57753.0
39155,2.0,107358.0,5.4,47966.0
39157,4.0,46348.0,4.5,54150.0
39159,1.0,22135.0,3.3,91597.0
39161,6.0,15620.0,4.5,55361.0
39163,8.0,5440.0,7.4,46301.0
39165,1.0,83317.0,3.6,91645.0
39167,4.0,31278.0,5.9,52565.0
39169,4.0,58739.0,3.6,58747.0
39171,6.0,21211.0,3.8,54239.0
39173,2.0,66138.0,3.8,64723.0
39175,7.0,12350.0,4.3,61733.0
40001,6.0,9187.0,3.5,39589.0
40003,9.0,2609.0,2.9,57497.0
40005,9.0,5175.0,3.5,41872.0
40007,9.0,2933.0,2.3,55397.0
40009,7.0,8613.0,3.1,50512.0
40011,6.0,4788.0,2.7,50574.0
40013,6.0,16718.0,2.9,44074.0
40015,6.0,12121.0,3.7,45755.0
40017,1.0,46479.0,2.3,75111.0
40019,5.0,20849.0,3.7,51895.0
40021,6.0,18784.0,3.1,45544.0
40023,7.0,6052.0,4.7,37131.0
40025,9.0,1597.0,2.2,47602.0
40027,1.0,111103.0,2.2,64706.0
40029,9.0,2487.0,4.2,41273.0
40031,3.0,43170.0,3.5,51184.0
40033,3.0,2856.0,3.1,46450.0
40035,6.0,6909.0,3.5,42978.0
40037,2.0,31863.0,3.1,54737.0
40039,7.0,13219.0,2.4,51803.0
40041,6.0,15941.0,3.5,44602.0
40043,9.0,2269.0,2.6,56316.0
40045,9.0,2103.0,2.6,54013.0
40047,5.0,28021.0,2.7,58381.0
40049,6.0,12457.0,3.4,46786.0
40051,1.0,21930.0,2.8,63647.0
40053,9.0,2561.0,2.4,60303.0
40055,7.0,2261.0,3.9,38641.0
40057,9.0,1432.0,2.7,37988.0
40059,9.0,1911.0,2.1,40265.0
40061,6.0,5083.0,4.3,41643.0
40063,7.0,5536.0,5.1,37631.0
40065,7.0,11869.0,2.9,48430.0
40067,8.0,2827.0,3.5,39785.0
40069,9.0,4520.0,3.5,41805.0
40071,5.0,21958.0,4.2,48522.0
40073,6.0,7158.0,2.2,68839.0
40075,6.0,4585.0,2.7,39788.0
40077,7.0,4416.0,4.6,42014.0
40079,2.0,20664.0,4.2,42378.0
40081,1.0,14844.0,2.9,51012.0
40083,1.0,16955.0,2.5,66625.0
40085,9.0,4201.0,3.5,51481.0
40087,1.0,13807.0,2.5,75009.0
40089,7.0,14795.0,4.7,40803.0
40091,6.0,7905.0,4.5,40614.0
40093,9.0,3991.0,2.3,59690.0
40095,6.0,5699.0,3.6,45005.0
40097,6.0,17949.0,3.2,49293.0
40099,7.0,6000.0,3.4,50965.0
40101,4.0,28854.0,3.8,43392.0
40103,6.0,5724.0,2.3,56307.0
40105,6.0,4850.0,3.3,47456.0
40107,6.0,4522.0,3.8,39265.0
40109,1.0,325715.0,2.8,56272.0
40111,2.0,17049.0,4.3,41725.0
40113,2.0,20773.0,3.1,50667.0
40115,6.0,15553.0,4.4,41530.0
40117,2.0,7900.0,3.6,47646.0
40119,4.0,36095.0,2.4,43025.0
40121,5.0,17636.0,4.3,47215.0
40123,7.0,16654.0,3.2,49510.0
40125,4.0,30107.0,3.1,52747.0
40127,9.0,4641.0,4.2,37718.0
40129,9.0,1825.0,2.4,59286.0
40131,2.0,36023.0,2.6,67054.0
40133,7.0,10390.0,4.2,40725.0
40135,2.0,17141.0,4.2,43038.0
40137,4.0,19239.0,3.3,47826.0
40139,7.0,10573.0,2.6,56014.0
40141,6.0,3790.0,3.1,41251.0
40143,2.0,295876.0,2.7,57668.0
40145,2.0,29386.0,2.5,65191.0
40147,4.0,22784.0,3.0,62515.0
40149,7.0,5544.0,2.6,50823.0
40151,7.0,4556.0,2.5,40684.0
40153,7.0,9162.0,2.9,73253.0
41001,7.0,7278.0,7.2,48530.0
41003,3.0,41260.0,3.9,69148.0
41005,1.0,187855.0,4.1,80539.0
41007,4.0,17931.0,5.1,59339.0
41009,1.0,22501.0,5.6,72285.0
41011,5.0,27326.0,7.5,49504.0
41013,6.0,8745.0,7.3,58739.0
41015,7.0,8804.0,7.1,51267.0
41017,3.0,61855.0,5.4,71880.0
41019,4.0,46166.0,7.4,48940.0
41021,9.0,1008.0,5.0,61205.0
41023,9.0,3786.0,9.7,49792.0
41025,7.0,3863.0,8.5,39874.0
41027,6.0,11470.0,6.7,68835.0
41029,3.0,90649.0,5.7,56367.0
41031,6.0,8779.0,5.4,52543.0
41033,3.0,31368.0,7.1,47533.0
41035,5.0,29723.0,7.5,53030.0
41037,7.0,3378.0,8.4,47867.0
41039,2.0,169860.0,5.5,57212.0
41041,5.0,21190.0,6.5,52276.0
41043,3.0,51355.0,6.7,61084.0
41045,6.0,13061.0,7.7,42019.0
41047,2.0,144715.0,5.6,64058.0
41049,6.0,5471.0,7.8,59781.0
41051,1.0,379811.0,4.7,72469.0
41053,2.0,33205.0,4.9,69757.0
41055,9.0,888.0,6.3,60035.0
41057,6.0,11551.0,5.3,52298.0
41059,4.0,35921.0,6.2,58286.0
41061,7.0,11991.0,5.6,54264.0
41063,9.0,3502.0,7.6,52106.0
41065,6.0,12561.0,6.2,56993.0
41067,1.0,258489.0,3.9,85665.0
41069,9.0,722.0,7.3,42747.0
41071,1.0,43804.0,5.0,71815.0
42001,3.0,49584.0,3.2,67706.0
42003,1.0,638004.0,4.1,64799.0
42005,1.0,33255.0,5.8,56259.0
42007,1.0,89142.0,4.3,60323.0
42009,6.0,24686.0,5.6,54251.0
42011,2.0,195243.0,4.0,67418.0
42013,3.0,62581.0,4.7,51004.0
42015,6.0,30340.0,3.7,51356.0
42017,1.0,330127.0,3.5,93587.0
42019,1.0,89386.0,4.1,72576.0
42021,3.0,66881.0,6.2,48798.0
42023,7.0,2794.0,6.7,43704.0
42025,2.0,29091.0,5.2,59985.0
42027,3.0,68635.0,3.5,61036.0
42029,1.0,236560.0,3.1,102233.0
42031,6.0,19417.0,5.1,49173.0
42033,4.0,39503.0,5.7,46967.0
42035,4.0,18263.0,5.2,50777.0
42037,3.0,32060.0,5.3,54377.0
42039,4.0,42891.0,5.0,49741.0
42041,2.0,114152.0,3.2,75269.0
42043,2.0,131699.0,3.6,60763.0
42045,1.0,277943.0,3.8,76783.0
42047,7.0,18256.0,4.9,55462.0
42049,2.0,140728.0,4.6,51923.0
42051,1.0,64760.0,5.7,48055.0
42053,9.0,2019.0,7.1,41267.0
42055,3.0,67723.0,3.8,62699.0
42057,8.0,7280.0,3.9,56357.0
42059,6.0,16742.0,6.0,56599.0
42061,6.0,20875.0,6.1,54323.0
42063,4.0,41108.0,5.9,51299.0
42065,7.0,21564.0,5.4,50789.0
42067,6.0,11522.0,4.2,57837.0
42069,2.0,104006.0,4.6,53655.0
42071,2.0,251341.0,2.8,67515.0
42073,4.0,44790.0,5.0,50979.0
42075,3.0,64347.0,3.2,61560.0
42077,2.0,162991.0,3.7,65436.0
42079,2.0,156007.0,5.2,53439.0
42081,3.0,59444.0,4.4,53762.0
42083,7.0,21928.0,4.8,53266.0
42085,2.0,56822.0,5.0,54099.0
42087,4.0,22240.0,4.3,50571.0
42089,3.0,69470.0,4.2,63012.0
42091,1.0,410015.0,3.2,92340.0
42093,3.0,8627.0,3.5,65534.0
42095,2.0,138615.0,3.8,73780.0
42097,4.0,45570.0,4.6,47967.0
42099,2.0,23371.0,3.8,65401.0
42101,1.0,637148.0,5.6,47598.0
42103,1.0,21249.0,3.8,66595.0
42105,9.0,8518.0,4.6,49054.0
42107,4.0,70196.0,5.9,55951.0
42109,7.0,19073.0,3.7,56873.0
42111,4.0,38179.0,5.3,49082.0
42113,8.0,2989.0,4.9,51718.0
42115,6.0,20427.0,4.0,60235.0
42117,6.0,20062.0,4.5,51324.0
42119,4.0,17340.0,3.9,61306.0
42121,4.0,26869.0,5.1,53619.0
42123,6.0,22197.0,3.8,52592.0
42125,1.0,98715.0,4.7,65558.0
42127,6.0,22708.0,4.6,56265.0
42129,1.0,182234.0,4.7,59407.0
42131,2.0,13855.0,4.9,60419.0
42133,2.0,209589.0,3.4,69101.0
44001,1.0,26802.0,3.5,87926.0
44003,1.0,92683.0,3.8,74230.0
44005,1.0,44913.0,3.6,80862.0
44007,1.0,309119.0,4.3,62165.0
44009,1.0,69001.0,3.2,86450.0
45001,6.0,12424.0,3.8,46499.0
45003,2.0,68980.0,3.9,56824.0
45005,6.0,3696.0,5.2,32147.0
45007,2.0,83376.0,3.1,54496.0
45009,7.0,6470.0,5.2,35364.0
45011,6.0,10192.0,5.1,36675.0
45013,3.0,50915.0,3.2,73890.0
45015,2.0,65545.0,3.3,68690.0
45017,2.0,7069.0,3.8,47090.0
45019,2.0,152462.0,3.3,70980.0
45021,4.0,25448.0,4.3,46905.0
45023,1.0,16261.0,5.2,45400.0
45025,6.0,19190.0,4.7,42441.0
45027,6.0,13000.0,5.5,39900.0
45029,6.0,15881.0,3.9,40808.0
45031,3.0,31389.0,4.9,44007.0
45033,6.0,13600.0,6.9,35483.0
45035,2.0,47075.0,3.1,68051.0
45037,2.0,10335.0,3.7,52591.0
45039,2.0,11026.0,5.0,42496.0
45041,3.0,60111.0,4.2,49770.0
45043,4.0,25788.0,5.5,53747.0
45045,2.0,202757.0,2.7,64399.0
45047,4.0,32488.0,4.3,43958.0
45049,6.0,8292.0,4.4,37560.0
45051,2.0,105227.0,3.7,53648.0
45053,3.0,9164.0,3.6,50790.0
45055,2.0,27012.0,3.8,56318.0
45057,1.0,29999.0,3.7,63842.0
45059,2.0,33788.0,3.3,47038.0
45061,6.0,8250.0,5.7,37710.0
45063,2.0,117907.0,2.7,62059.0
45065,8.0,3732.0,6.4,48645.0
45067,6.0,15441.0,9.5,35138.0
45069,6.0,12232.0,6.9,34532.0
45071,6.0,17232.0,4.3,50773.0
45073,4.0,32230.0,3.6,52240.0
45075,4.0,40579.0,5.9,38736.0
45077,2.0,57389.0,3.1,52949.0
45079,2.0,161139.0,3.3,52905.0
45081,2.0,9354.0,3.7,49493.0
45083,2.0,129284.0,3.6,55588.0
45085,3.0,44638.0,4.3,49611.0
45087,2.0,14093.0,5.2,42851.0
45089,6.0,15090.0,7.7,34409.0
45091,1.0,87934.0,3.3,68468.0
46003,9.0,1581.0,2.3,56360.0
46005,7.0,9096.0,2.5,51844.0
46007,9.0,1338.0,3.7,36345.0
46009,9.0,3323.0,2.7,52660.0
46011,5.0,17603.0,2.1,59036.0
46013,5.0,20471.0,2.3,61447.0
46015,9.0,2717.0,2.5,65008.0
46017,9.0,512.0,9.6,26671.0
46019,6.0,4781.0,2.8,50105.0
46021,9.0,929.0,5.5,56043.0
46023,9.0,4012.0,2.8,51340.0
46025,9.0,2135.0,3.7,54158.0
46027,6.0,7380.0,2.1,51039.0
46029,5.0,15510.0,2.5,63442.0
46031,9.0,1386.0,5.7,32848.0
46033,3.0,4169.0,3.0,63665.0
46035,7.0,10318.0,2.3,57367.0
46037,9.0,3040.0,4.1,51516.0
46039,9.0,2512.0,3.2,65217.0
46041,9.0,2269.0,9.2,47640.0
46043,9.0,1736.0,2.2,56030.0
46045,9.0,2137.0,2.3,59905.0
46047,6.0,3537.0,3.8,49965.0
46049,9.0,1284.0,2.5,49198.0
46051,7.0,4147.0,3.1,60057.0
46053,9.0,2431.0,3.0,42868.0
46055,8.0,1263.0,1.8,50747.0
46057,9.0,2786.0,2.6,60864.0
46059,9.0,2042.0,2.1,56239.0
46061,8.0,1588.0,2.1,78478.0
46063,9.0,763.0,2.6,55482.0
46065,7.0,9631.0,2.0,66952.0
46067,8.0,3972.0,2.6,59336.0
46069,9.0,853.0,2.6,63454.0
46071,8.0,1156.0,4.3,37879.0
46073,9.0,1234.0,2.4,52162.0
46075,9.0,760.0,2.1,52650.0
46077,9.0,3037.0,2.6,61992.0
46079,6.0,6547.0,2.5,63946.0
46081,6.0,11535.0,2.9,53902.0
46083,3.0,14499.0,1.7,86235.0
46085,9.0,1929.0,4.1,47813.0
46087,3.0,2983.0,2.2,62535.0
46089,9.0,1328.0,2.9,43243.0
46091,9.0,2226.0,3.7,59103.0
46093,3.0,12258.0,2.4,59981.0
46095,9.0,857.0,3.9,36489.0
46097,8.0,1497.0,2.7,52230.0
46099,3.0,88926.0,2.0,63162.0
46101,8.0,3722.0,3.8,61029.0
46102,6.0,2849.0,8.7,34078.0
46103,3.0,48821.0,2.3,58919.0
46105,8.0,1787.0,2.6,49999.0
46107,9.0,1457.0,2.8,58012.0
46109,9.0,4617.0,3.9,49088.0
46111,9.0,1482.0,2.4,56507.0
46115,9.0,3533.0,3.1,54666.0
46117,9.0,1851.0,1.9,70472.0
46119,9.0,913.0,2.3,61791.0
46121,9.0,2970.0,4.6,34015.0
46123,7.0,3303.0,2.7,50503.0
46125,3.0,4780.0,2.3,63852.0
46127,3.0,7295.0,2.5,83910.0
46129,7.0,2887.0,3.4,51472.0
46135,7.0,11453.0,2.3,60868.0
46137,8.0,755.0,7.8,33508.0
47001,2.0,33787.0,4.1,50973.0
47003,4.0,19597.0,4.5,50539.0
47005,7.0,7318.0,7.3,42322.0
47007,8.0,5104.0,4.0,42730.0
47009,2.0,53929.0,3.5,59368.0
47011,3.0,45320.0,3.5,52534.0
47013,2.0,16049.0,6.0,42500.0
47015,1.0,6359.0,3.5,52960.0
47017,6.0,14217.0,7.7,43258.0
47019,3.0,27618.0,4.7,39964.0
47021,1.0,19514.0,2.7,62786.0
47023,3.0,7619.0,4.0,50769.0
47025,6.0,12590.0,4.9,40116.0
47027,9.0,3696.0,6.4,36694.0
47029,6.0,15564.0,6.3,40528.0
47031,4.0,23515.0,3.9,54931.0
47033,3.0,6823.0,4.6,45642.0
47035,4.0,20366.0,4.9,49142.0
47037,1.0,309163.0,3.1,63846.0
47039,9.0,5672.0,5.3,45215.0
47041,6.0,8590.0,4.6,46407.0
47043,1.0,22120.0,3.5,59126.0
47045,5.0,17995.0,5.1,48770.0
47047,1.0,13976.0,4.4,67345.0
47049,9.0,6854.0,7.3,38608.0
47051,6.0,18718.0,3.8,54319.0
47053,4.0,23210.0,5.3,46384.0
47055,6.0,14888.0,4.3,50847.0
47057,2.0,9682.0,4.5,44929.0
47059,4.0,31596.0,5.7,44975.0
47061,8.0,5660.0,4.9,38447.0
47063,3.0,29524.0,3.9,46842.0
47065,2.0,159432.0,3.2,57802.0
47067,8.0,2650.0,5.0,31938.0
47069,6.0,11025.0,5.1,40989.0
47071,6.0,11630.0,5.3,44510.0
47073,2.0,24494.0,4.1,46602.0
47075,6.0,9269.0,5.5,38950.0
47077,6.0,12826.0,4.9,46826.0
47079,7.0,14757.0,4.8,43159.0
47081,1.0,9787.0,4.0,46176.0
47083,8.0,3673.0,5.8,40915.0
47085,6.0,8882.0,4.9,52121.0
47087,8.0,5062.0,6.2,41749.0
47089,3.0,22414.0,4.2,50332.0
47091,6.0,6914.0,6.6,40219.0
47093,2.0,200887.0,3.0,60316.0
47095,9.0,2546.0,6.1,34059.0
47097,6.0,11201.0,5.1,43545.0
47099,6.0,18967.0,9.2,43448.0
47101,6.0,5266.0,5.4,45874.0
47103,6.0,15769.0,3.5,54558.0
47105,2.0,19462.0,3.5,65226.0
47107,4.0,23534.0,4.4,49836.0
47109,6.0,11729.0,4.4,45469.0
47111,1.0,10186.0,3.7,44334.0
47113,3.0,46664.0,3.6,50401.0
47115,2.0,13039.0,4.4,47675.0
47117,6.0,13954.0,3.5,58151.0
47119,1.0,36764.0,3.5,66434.0
47121,8.0,4869.0,5.1,48334.0
47123,6.0,17383.0,5.3,50506.0
47125,2.0,59351.0,3.7,57606.0
47127,9.0,2912.0,3.1,61804.0
47129,2.0,8000.0,5.0,43952.0
47131,7.0,16261.0,4.2,44061.0
47133,7.0,9602.0,5.3,43636.0
47135,8.0,3484.0,5.1,42939.0
47137,9.0,2267.0,5.0,41860.0
47139,3.0,7480.0,4.4,45922.0
47141,4.0,31760.0,4.3,49083.0
47143,6.0,13313.0,4.6,47599.0
47145,2.0,24702.0,4.2,50561.0
47147,1.0,29566.0,3.5,65790.0
47149,1.0,102559.0,3.0,69614.0
47151,6.0,8622.0,5.1,38750.0
47153,2.0,5327.0,3.8,46876.0
47155,4.0,39506.0,4.9,54476.0
47157,1.0,438974.0,3.8,52659.0
47159,1.0,8898.0,4.3,54570.0
47161,8.0,5500.0,4.8,52177.0
47163,2.0,72772.0,3.7,51303.0
47165,1.0,70403.0,3.2,69391.0
47167,1.0,25111.0,3.6,61436.0
47169,1.0,3549.0,3.4,51982.0
47171,3.0,8279.0,6.8,44548.0
47173,2.0,8064.0,3.8,48106.0
47175,9.0,2656.0,4.6,44451.0
47177,6.0,19415.0,4.0,46144.0
47179,3.0,54930.0,3.9,51879.0
47181,8.0,6695.0,8.1,45091.0
47183,7.0,16795.0,4.9,42506.0
47185,7.0,10929.0,4.5,43583.0
47187,1.0,69927.0,2.5,119637.0
47189,1.0,49752.0,3.1,80080.0
48001,7.0,19659.0,6.2,48461.0
48003,6.0,5637.0,5.0,74918.0
48005,5.0,38040.0,4.9,51750.0
48007,2.0,9755.0,6.0,53085.0
48009,3.0,4876.0,3.2,63731.0
48011,2.0,1091.0,3.2,64424.0
48013,1.0,17262.0,4.2,57309.0
48015,1.0,12034.0,4.0,68311.0
48017,7.0,3199.0,4.7,46174.0
48019,1.0,8721.0,3.7,59604.0
48021,1.0,29761.0,3.5,62627.0
48023,8.0,1851.0,4.7,41539.0
48025,6.0,11343.0,6.0,44171.0
48027,2.0,101569.0,4.2,54831.0
48029,1.0,663505.0,4.1,58956.0
48031,8.0,4482.0,3.2,68404.0
48033,8.0,423.0,6.4,71926.0
48035,6.0,8078.0,4.2,55179.0
48037,3.0,40554.0,5.0,51207.0
48039,1.0,120292.0,5.0,83704.0
48041,3.0,78807.0,3.7,54471.0
48043,7.0,4566.0,3.9,48581.0
48045,9.0,912.0,3.6,44259.0
48047,7.0,2895.0,6.9,31410.0
48049,5.0,17705.0,4.5,56040.0
48051,3.0,7734.0,4.0,61745.0
48053,6.0,17217.0,3.6,62827.0
48055,1.0,15126.0,4.1,55301.0
48057,6.0,9367.0,4.7,55909.0
48059,3.0,6222.0,3.9,50812.0
48061,2.0,127525.0,7.1,40893.0
48063,6.0,5228.0,5.2,47091.0
48065,2.0,3361.0,3.3,69760.0
48067,6.0,13566.0,5.9,44529.0
48069,6.0,3998.0,3.7,51736.0
48071,1.0,13129.0,4.3,93351.0
48073,6.0,20965.0,4.7,46576.0
48075,7.0,2988.0,4.8,44095.0
48077,3.0,5966.0,3.6,59983.0
48079,9.0,1594.0,6.0,43742.0
48081,8.0,1666.0,4.3,48435.0
48083,6.0,4226.0,4.9,44834.0
48085,1.0,300355.0,2.9,96847.0
48087,9.0,1535.0,3.8,40314.0
48089,6.0,9942.0,3.8,55607.0
48091,1.0,40475.0,3.6,87976.0
48093,7.0,6696.0,4.0,54122.0
48095,8.0,1439.0,5.7,43321.0
48097,6.0,18698.0,3.7,61186.0
48099,2.0,24002.0,5.4,53083.0
48101,9.0,952.0,4.4,40449.0
48103,6.0,1615.0,5.4,68626.0
48105,7.0,2048.0,3.8,54165.0
48107,2.0,2986.0,4.6,38871.0
48109,9.0,1495.0,5.8,44462.0
48111,7.0,3289.0,3.4,55793.0
48113,1.0,1188994.0,3.9,61807.0
48115,7.0,5859.0,5.3,48165.0
48117,6.0,8260.0,4.9,46178.0
48119,8.0,2573.0,5.1,51348.0
48121,1.0,267994.0,2.8,90910.0
48123,6.0,9001.0,4.4,52544.0
48125,8.0,1138.0,5.3,41973.0
48127,6.0,3872.0,8.8,40315.0
48129,8.0,1872.0,4.2,41093.0
48131,7.0,5024.0,7.1,37100.0
48133,6.0,8607.0,4.8,46991.0
48135,3.0,56713.0,5.4,65564.0
48137,9.0,956.0,4.4,40424.0
48139,1.0,60264.0,3.6,78341.0
48141,2.0,275899.0,6.8,48629.0
48143,4.0,16619.0,3.7,53044.0
48145,2.0,7212.0,5.5,41484.0
48147,6.0,13970.0,4.9,56123.0
48149,6.0,11456.0,3.5,62195.0
48151,8.0,2161.0,3.9,51053.0
48153,6.0,3484.0,4.9,45022.0
48155,9.0,795.0,3.8,38615.0
48157,1.0,185916.0,3.6,101361.0
48159,7.0,4441.0,4.3,50630.0
48161,7.0,7915.0,5.2,52511.0
48163,6.0,6179.0,6.2,40360.0
48165,7.0,6256.0,4.4,67171.0
48167,1.0,128233.0,4.9,73214.0
48169,6.0,2125.0,4.4,48975.0
48171,7.0,10551.0,3.9,62143.0
48173,8.0,729.0,3.0,93759.0
48175,3.0,3341.0,3.9,56758.0
48177,6.0,9128.0,3.5,48425.0
48179,6.0,10007.0,5.1,52543.0
48181,3.0,56479.0,4.1,57439.0
48183,3.0,55343.0,5.5,53137.0
48185,6.0,9986.0,5.4,51651.0
48187,1.0,45459.0,3.5,78801.0
48189,4.0,16982.0,4.6,49187.0
48191,9.0,1722.0,5.3,35940.0
48193,6.0,4057.0,3.8,52505.0
48195,7.0,2831.0,3.0,58703.0
48197,9.0,2458.0,3.7,40057.0
48199,2.0,23252.0,5.6,62616.0
48201,1.0,1728274.0,4.3,61638.0
48203,4.0,29463.0,5.0,55171.0
48205,7.0,2434.0,3.2,72796.0
48207,6.0,2907.0,4.3,38613.0
48209,1.0,56772.0,3.3,72890.0
48211,7.0,1846.0,2.9,71299.0
48213,4.0,32942.0,4.2,49896.0
48215,2.0,211851.0,9.2,41656.0
48217,6.0,15265.0,4.6,53210.0
48219,6.0,10934.0,4.1,51149.0
48221,1.0,20350.0,4.0,74534.0
48223,6.0,16419.0,4.1,50332.0
48225,7.0,9095.0,5.2,43601.0
48227,4.0,13627.0,5.2,61112.0
48229,2.0,1320.0,4.5,39309.0
48231,1.0,38948.0,4.3,57513.0
48233,6.0,11039.0,4.8,57936.0
48235,3.0,945.0,3.2,68630.0
48237,6.0,3801.0,4.3,55358.0
48239,6.0,6821.0,3.8,55800.0
48241,6.0,15391.0,7.3,47252.0
48243,9.0,1166.0,3.9,53362.0
48245,2.0,113079.0,6.6,55173.0
48247,6.0,2188.0,6.1,38788.0
48249,4.0,16717.0,6.0,44444.0
48251,1.0,66572.0,3.8,66538.0
48253,3.0,7699.0,5.2,51094.0
48255,6.0,5391.0,5.4,54843.0
48257,1.0,37678.0,4.1,75009.0
48259,1.0,12122.0,3.4,94899.0
48261,9.0,207.0,3.4,46132.0
48263,9.0,445.0,3.8,52591.0
48265,4.0,19306.0,3.8,57789.0
48267,7.0,2263.0,3.5,44757.0
48269,9.0,212.0,3.3,71256.0
48271,7.0,1212.0,7.6,47076.0
48273,4.0,13919.0,5.1,47169.0
48275,9.0,1863.0,4.7,40808.0
48277,5.0,23115.0,5.0,47061.0
48279,6.0,6933.0,5.0,42719.0
48281,2.0,8653.0,3.9,58817.0
48283,6.0,2208.0,7.2,41683.0
48285,6.0,9625.0,3.2,52632.0
48287,6.0,8243.0,3.6,59250.0
48289,8.0,7044.0,5.2,50522.0
48291,1.0,30307.0,6.0,53274.0
48293,6.0,9593.0,4.8,43644.0
48295,9.0,1488.0,3.4,65388.0
48297,8.0,4860.0,4.6,54163.0
48299,7.0,7382.0,4.2,55617.0
48301,9.0,49.0,8.2,88487.0
48303,2.0,128321.0,3.6,54733.0
48305,2.0,2998.0,4.1,45737.0
48307,7.0,3701.0,5.3,43262.0
48309,2.0,104060.0,4.2,51078.0
48311,9.0,400.0,4.0,68349.0
48313,6.0,4859.0,4.9,46274.0
48315,8.0,4662.0,6.5,37876.0
48317,3.0,2140.0,4.0,68745.0
48319,9.0,2025.0,3.0,54914.0
48321,4.0,17345.0,6.7,49276.0
48323,5.0,16559.0,15.1,40017.0
48325,1.0,18002.0,4.0,60695.0
48327,9.0,1172.0,3.6,38425.0
48329,3.0,58350.0,4.2,85811.0
48331,6.0,11626.0,3.8,48989.0
48333,9.0,2466.0,3.6,46876.0
48335,7.0,3440.0,5.6,44457.0
48337,6.0,9259.0,4.8,53649.0
48339,1.0,152995.0,3.7,88833.0
48341,7.0,9714.0,3.3,55099.0
48343,6.0,5960.0,6.4,43304.0
48345,9.0,706.0,3.5,40217.0
48347,5.0,29144.0,4.4,46207.0
48349,4.0,21158.0,5.0,48649.0
48351,2.0,6122.0,8.0,45890.0
48353,6.0,7358.0,4.9,46389.0
48355,2.0,148327.0,5.3,56079.0
48357,7.0,4781.0,3.1,62567.0
48359,2.0,1156.0,3.3,59404.0
48361,2.0,40762.0,7.0,62976.0
48363,6.0,13376.0,4.2,50159.0
48365,6.0,10424.0,5.7,56882.0
48367,1.0,46413.0,3.6,82501.0
48369,7.0,4505.0,3.4,50607.0
48371,7.0,7011.0,5.1,52763.0
48373,6.0,15928.0,5.9,50416.0
48375,2.0,53100.0,5.4,41138.0
48377,7.0,3200.0,16.8,33499.0
48379,8.0,4371.0,4.0,65657.0
48381,2.0,60419.0,2.5,70694.0
48383,6.0,1628.0,3.5,67384.0
48385,9.0,1392.0,4.5,40834.0
48387,6.0,6801.0,4.9,41325.0
48389,7.0,5056.0,8.9,48990.0
48391,6.0,3700.0,4.3,46883.0
48393,9.0,514.0,2.5,70705.0
48395,3.0,6979.0,4.7,47016.0
48397,1.0,24345.0,3.0,105763.0
48399,6.0,5297.0,4.8,48650.0
48401,3.0,21126.0,5.0,56036.0
48403,8.0,3781.0,8.5,43778.0
48405,9.0,3756.0,5.3,40094.0
48407,8.0,9413.0,4.7,42633.0
48409,2.0,27532.0,6.0,57302.0
48411,7.0,2812.0,4.3,46061.0
48413,8.0,1510.0,3.8,53286.0
48415,7.0,7247.0,4.9,56299.0
48417,8.0,1648.0,3.5,65095.0
48419,7.0,11383.0,5.3,39708.0
48421,9.0,1630.0,2.8,55473.0
48423,3.0,86596.0,4.5,59538.0
48425,1.0,3469.0,4.2,67897.0
48427,4.0,17804.0,16.9,32516.0
48429,7.0,4382.0,4.3,46658.0
48431,8.0,730.0,3.3,66790.0
48433,9.0,823.0,4.4,48267.0
48435,7.0,2160.0,3.9,63427.0
48437,6.0,3892.0,4.1,44388.0
48439,1.0,795728.0,3.6,70130.0
48441,3.0,61504.0,4.1,54465.0
48443,9.0,514.0,3.9,45677.0
48445,6.0,5620.0,5.0,42953.0
48447,9.0,978.0,3.5,42746.0
48449,7.0,12792.0,4.5,49924.0
48451,3.0,50819.0,4.0,54774.0
48453,1.0,492505.0,3.1,80690.0
48455,7.0,5774.0,5.4,43788.0
48457,6.0,7945.0,6.8,48254.0
48459,3.0,16546.0,4.9,53078.0
48461,8.0,1513.0,4.9,58908.0
48463,6.0,11412.0,5.8,44690.0
48465,5.0,17380.0,6.4,45034.0
48467,6.0,22639.0,4.0,55554.0
48469,3.0,43207.0,3.8,57344.0
48471,4.0,25176.0,4.7,47519.0
48473,1.0,15353.0,4.5,61822.0
48475,6.0,4462.0,6.3,61396.0
48477,6.0,15119.0,3.8,59039.0
48479,2.0,71112.0,6.2,52576.0
48481,4.0,20235.0,4.4,49901.0
48483,9.0,2712.0,4.0,58544.0
48485,3.0,61088.0,4.7,51535.0
48487,6.0,7242.0,3.8,42570.0
48489,6.0,7308.0,10.0,35821.0
48491,1.0,145384.0,2.8,92661.0
48493,1.0,15549.0,3.7,76905.0
48495,6.0,2939.0,5.8,64894.0
48497,1.0,25372.0,3.5,70468.0
48499,6.0,16307.0,5.1,56945.0
48501,7.0,3323.0,5.4,62636.0
48503,7.0,8857.0,5.1,52643.0
48505,6.0,3993.0,8.1,36069.0
48507,7.0,3726.0,12.6,32538.0
49001,7.0,2705.0,3.4,58309.0
49003,2.0,20099.0,3.7,69380.0
49005,3.0,48265.0,2.8,63180.0
49007,7.0,9281.0,5.6,52110.0
49009,9.0,463.0,3.9,63433.0
49011,2.0,120243.0,3.1,87610.0
49013,7.0,6132.0,4.9,59437.0
49015,7.0,4731.0,4.8,61893.0
49017,9.0,2486.0,6.8,54625.0
49019,7.0,4649.0,6.6,53535.0
49021,4.0,16910.0,3.2,58307.0
49023,2.0,3755.0,3.5,66056.0
49025,6.0,3030.0,3.8,55887.0
49027,7.0,5193.0,3.4,59069.0
49029,2.0,3420.0,3.4,101943.0
49031,9.0,627.0,4.5,42196.0
49033,8.0,1046.0,3.0,64583.0
49035,1.0,486723.0,3.1,79941.0
49037,7.0,4727.0,8.0,49438.0
49039,6.0,9689.0,4.4,54648.0
49041,7.0,8343.0,3.9,58983.0
49043,4.0,18274.0,3.5,112482.0
49045,1.0,20277.0,3.7,80196.0
49047,7.0,11407.0,4.2,62541.0
49049,2.0,181262.0,2.9,79505.0
49051,6.0,7787.0,3.5,92136.0
49053,3.0,39385.0,3.5,64388.0
49055,9.0,1319.0,4.5,50555.0
49057,2.0,100632.0,4.2,71835.0
50001,6.0,19728.0,2.6,73574.0
50003,6.0,19835.0,3.0,56948.0
50005,7.0,15413.0,3.4,50942.0
50007,3.0,84777.0,2.3,76483.0
50009,9.0,3250.0,4.0,45796.0
50011,3.0,24406.0,3.0,65056.0
50013,3.0,3767.0,3.9,68364.0
50015,8.0,13294.0,3.2,60555.0
50017,9.0,15462.0,2.5,59758.0
50019,7.0,12885.0,4.4,48826.0
50021,4.0,33431.0,3.2,51903.0
50023,4.0,32677.0,2.7,65879.0
50025,7.0,24265.0,2.8,52068.0
50027,7.0,30843.0,2.5,61843.0
51001,8.0,18130.0,3.0,47335.0
51003,3.0,43572.0,1.7,86332.0
51005,6.0,7733.0,3.0,53341.0
51007,1.0,5867.0,2.0,60096.0
51009,2.0,15414.0,2.1,56218.0
51011,2.0,6768.0,2.5,54609.0
51013,1.0,119360.0,1.6,118986.0
51015,3.0,34604.0,1.9,63621.0
51017,8.0,2738.0,2.7,54385.0
51019,2.0,34731.0,2.0,66591.0
51021,8.0,2933.0,5.2,49023.0
51023,2.0,16476.0,1.8,74178.0
51025,6.0,6851.0,3.5,43835.0
51027,9.0,8735.0,5.8,36881.0
51029,3.0,6145.0,3.2,47202.0
51031,2.0,26513.0,2.3,48984.0
51033,1.0,11001.0,2.2,64647.0
51035,7.0,14818.0,4.0,45698.0
51036,1.0,3616.0,2.5,56465.0
51037,8.0,5519.0,3.1,43001.0
51041,1.0,142337.0,1.8,81641.0
51043,1.0,6910.0,1.6,85567.0
51045,2.0,2504.0,2.4,53319.0
51047,1.0,16933.0,1.9,79739.0
51049,8.0,4238.0,2.2,52005.0
51051,9.0,5364.0,5.8,37161.0
51053,1.0,12039.0,2.1,58474.0
51057,6.0,5152.0,2.7,53538.0
51059,1.0,550845.0,1.6,127898.0
51061,1.0,30225.0,1.5,103827.0
51063,3.0,6976.0,3.7,52277.0
51065,3.0,10228.0,2.0,75089.0
51067,2.0,24381.0,3.0,61878.0
51069,3.0,32928.0,2.0,83672.0
51071,3.0,7800.0,4.2,53111.0
51073,1.0,17598.0,1.9,71715.0
51075,1.0,8918.0,1.7,100444.0
51077,9.0,8089.0,5.0,41312.0
51079,3.0,8401.0,1.8,73345.0
51081,6.0,4012.0,3.3,47315.0
51083,6.0,16205.0,5.0,42619.0
51085,1.0,47497.0,1.6,90824.0
51087,1.0,145590.0,1.8,68975.0
51089,4.0,28860.0,4.9,41908.0
51091,8.0,1172.0,2.9,45917.0
51093,1.0,14911.0,2.2,78749.0
51095,1.0,23298.0,2.0,92773.0
51097,8.0,3162.0,2.6,54185.0
51099,6.0,8409.0,1.9,85657.0
51101,1.0,7031.0,1.9,73035.0
51103,9.0,4850.0,5.8,55072.0
51105,8.0,8828.0,4.2,35878.0
51107,1.0,100096.0,1.4,151806.0
51109,8.0,12888.0,2.4,64135.0
51111,9.0,5374.0,3.4,44860.0
51113,8.0,6561.0,1.8,66397.0
51115,1.0,4260.0,2.2,69112.0
51117,7.0,14247.0,3.3,43128.0
51119,8.0,4546.0,2.1,58834.0
51121,3.0,40828.0,2.5,58740.0
51125,3.0,7034.0,2.3,55804.0
51127,1.0,7301.0,1.8,102619.0
51131,8.0,5605.0,2.7,45235.0
51133,9.0,5441.0,4.5,60385.0
51135,6.0,6173.0,2.9,45913.0
51137,6.0,12740.0,2.0,71691.0
51139,6.0,11789.0,2.6,52877.0
51141,8.0,9509.0,3.3,43568.0
51143,4.0,31960.0,3.3,51682.0
51145,1.0,11253.0,1.8,94293.0
51147,6.0,8134.0,3.3,44586.0
51149,1.0,13225.0,2.5,74518.0
51153,1.0,153649.0,1.8,106208.0
51155,3.0,17401.0,4.5,54086.0
51157,1.0,3754.0,1.8,79086.0
51159,9.0,3426.0,4.3,49758.0
51161,2.0,46019.0,1.7,71742.0
51163,6.0,10676.0,2.1,58501.0
51165,3.0,36131.0,1.7,67242.0
51167,7.0,11863.0,5.1,40345.0
51169,2.0,9770.0,3.8,41288.0
51171,6.0,18517.0,1.8,59087.0
51173,7.0,15861.0,4.3,41964.0
51175,6.0,7489.0,2.7,62327.0
51177,1.0,48534.0,1.7,90262.0
51179,1.0,48435.0,1.7,109090.0
51181,8.0,3397.0,2.9,59069.0
51183,1.0,4531.0,3.6,45134.0
51185,5.0,18996.0,5.1,43619.0
51187,1.0,16587.0,2.0,69878.0
51191,2.0,25139.0,3.5,52387.0
51193,6.0,7687.0,3.5,54885.0
51195,7.0,16152.0,4.2,42372.0
51197,6.0,14161.0,4.3,48543.0
51199,1.0,26865.0,1.9,91535.0
51510,1.0,80962.0,1.8,102589.0
51520,2.0,7513.0,3.1,37678.0
51530,6.0,3227.0,2.3,44752.0
51540,3.0,19379.0,2.9,58717.0
51550,1.0,97978.0,2.3,77361.0
51570,1.0,8619.0,2.2,57688.0
51580,6.0,2901.0,3.9,41842.0
51590,4.0,21387.0,4.3,36073.0
51595,6.0,2366.0,3.1,38631.0
51600,1.0,12510.0,1.3,106430.0
51610,1.0,6158.0,1.6,137849.0
51620,6.0,3569.0,3.1,45433.0
51630,1.0,10326.0,2.3,62121.0
51640,7.0,3305.0,3.4,37229.0
51650,1.0,64343.0,2.7,55816.0
51660,3.0,19661.0,2.3,48189.0
51670,1.0,9873.0,2.8,38293.0
51678,6.0,2243.0,3.5,54204.0
51680,2.0,30789.0,2.4,50612.0
51683,1.0,19279.0,1.7,84405.0
51685,1.0,5791.0,1.4,83145.0
51690,4.0,6743.0,7.9,37814.0
51700,1.0,82896.0,2.6,53022.0
51710,1.0,92998.0,3.3,52437.0
51720,7.0,1488.0,4.1,38062.0
51730,1.0,13918.0,3.4,40240.0
51735,1.0,5834.0,1.8,98217.0
51740,1.0,42953.0,3.4,50411.0
51750,3.0,7470.0,3.2,41530.0
51760,1.0,95433.0,2.6,50949.0
51770,2.0,46712.0,2.4,45534.0
51775,2.0,12978.0,1.9,54888.0
51790,3.0,11647.0,2.1,54296.0
51800,1.0,29329.0,2.5,77847.0
51810,1.0,205933.0,2.2,78491.0
51820,3.0,9151.0,2.6,44619.0
51830,1.0,4607.0,4.4,56569.0
51840,3.0,12915.0,2.2,60254.0
53001,6.0,8174.0,8.1,53535.0
53003,3.0,9797.0,5.4,54776.0
53005,2.0,77185.0,5.3,72847.0
53007,3.0,37064.0,6.9,59838.0
53009,5.0,26239.0,7.4,57571.0
53011,1.0,181951.0,5.1,80407.0
53013,3.0,1808.0,8.5,56338.0
53015,3.0,43829.0,6.8,57316.0
53017,3.0,18331.0,6.5,63086.0
53019,9.0,3026.0,10.1,47463.0
53021,2.0,23323.0,7.7,63575.0
53023,8.0,1050.0,5.0,54555.0
53025,5.0,36191.0,8.3,57152.0
53027,4.0,29708.0,7.8,59346.0
53029,4.0,29396.0,5.4,72173.0
53031,6.0,11837.0,5.8,60556.0
53033,1.0,993205.0,3.8,102338.0
53035,2.0,107531.0,5.4,79268.0
53037,4.0,17511.0,5.9,59172.0
53039,6.0,9429.0,8.1,60567.0
53041,4.0,30235.0,7.9,58525.0
53043,8.0,4679.0,5.1,60849.0
53045,4.0,21270.0,6.8,63689.0
53047,6.0,20881.0,8.8,44777.0
53049,7.0,8712.0,7.6,50521.0
53051,2.0,4681.0,8.2,51950.0
53053,1.0,344926.0,5.4,78779.0
53055,9.0,7596.0,4.3,69113.0
53057,3.0,52713.0,6.2,67551.0
53059,1.0,4883.0,6.6,69163.0
53061,1.0,325634.0,4.3,89119.0
53063,2.0,214313.0,5.6,59976.0
53065,2.0,17786.0,7.8,55000.0
53067,2.0,109801.0,4.9,77890.0
53069,8.0,1682.0,7.2,61123.0
53071,3.0,27558.0,6.1,60202.0
53073,3.0,89315.0,5.5,68656.0
53075,4.0,19533.0,4.0,45906.0
53077,3.0,114901.0,8.2,55674.0
54001,6.0,6587.0,8.1,39710.0
54003,2.0,39111.0,3.7,63012.0
54005,3.0,9692.0,6.9,43697.0
54007,8.0,5783.0,7.5,39651.0
54009,3.0,11662.0,4.7,50900.0
54011,2.0,44248.0,4.9,42125.0
54013,8.0,2901.0,10.5,37307.0
54015,3.0,3601.0,8.6,41923.0
54017,9.0,2874.0,5.9,50642.0
54019,3.0,18284.0,7.3,41430.0
54021,7.0,2753.0,7.4,40373.0
54023,7.0,5406.0,5.4,47400.0
54025,6.0,14944.0,6.7,43564.0
54027,3.0,9232.0,3.3,54811.0
54029,3.0,15503.0,4.7,51017.0
54031,6.0,6600.0,3.9,46658.0
54033,5.0,30962.0,5.9,53909.0
54035,6.0,12577.0,6.0,50808.0
54037,1.0,23057.0,3.4,75225.0
54039,3.0,96101.0,5.0,48334.0
54041,7.0,7374.0,5.9,46895.0
54043,2.0,8039.0,7.5,43198.0
54045,6.0,13571.0,7.6,38533.0
54047,7.0,7010.0,10.5,29106.0
54049,4.0,25690.0,5.9,51300.0
54051,3.0,15701.0,5.8,53145.0
54053,6.0,10455.0,8.2,47753.0
54055,4.0,25345.0,5.2,41794.0
54057,3.0,12823.0,5.5,49704.0
54059,7.0,8972.0,8.0,34698.0
54061,3.0,40732.0,4.4,55652.0
54063,8.0,5758.0,5.0,44655.0
54065,8.0,7196.0,4.0,50660.0
54067,6.0,10939.0,6.9,40023.0
54069,3.0,22182.0,4.6,50390.0
54071,8.0,3921.0,8.0,43451.0
54073,6.0,3285.0,5.9,54972.0
54075,9.0,3988.0,6.8,39454.0
54077,3.0,13228.0,5.7,50821.0
54079,2.0,25890.0,4.9,66991.0
54081,3.0,32321.0,6.2,45386.0
54083,7.0,12683.0,6.1,46285.0
54085,8.0,4555.0,6.4,46131.0
54087,6.0,6135.0,9.2,41671.0
54089,6.0,4769.0,7.5,37000.0
54091,6.0,6890.0,5.6,48294.0
54093,8.0,3289.0,6.4,47222.0
54095,9.0,3795.0,6.1,48345.0
54097,7.0,10254.0,6.1,45074.0
54099,2.0,17466.0,5.3,42095.0
54101,9.0,3221.0,7.4,34385.0
54103,6.0,7033.0,8.1,46824.0
54105,3.0,2532.0,7.1,48627.0
54107,3.0,41661.0,4.7,49209.0
54109,6.0,8507.0,7.8,42761.0
55001,8.0,8892.0,4.4,53156.0
55003,7.0,8904.0,5.3,47202.0
55005,6.0,24959.0,3.9,54372.0
55007,8.0,7715.0,5.3,58065.0
55009,2.0,131182.0,2.8,65494.0
55011,8.0,7868.0,3.6,58407.0
55013,8.0,7788.0,3.8,51519.0
55015,3.0,24108.0,2.7,80354.0
55017,3.0,29979.0,4.2,60713.0
55019,6.0,17534.0,4.2,54296.0
55021,2.0,29829.0,3.6,69219.0
55023,7.0,9138.0,3.6,51919.0
55025,2.0,265510.0,2.3,77828.0
55027,4.0,47494.0,3.1,61730.0
55029,6.0,16460.0,3.9,64217.0
55031,2.0,22758.0,4.3,55651.0
55033,6.0,22491.0,3.4,61506.0
55035,3.0,53197.0,3.2,64972.0
55037,9.0,2621.0,4.1,58270.0
55039,3.0,55774.0,3.0,65905.0
55041,9.0,4643.0,5.6,48964.0
55043,6.0,27467.0,3.3,56418.0
55045,2.0,20055.0,3.1,64319.0
55047,6.0,10737.0,3.9,59458.0
55049,2.0,13649.0,2.8,67390.0
55051,9.0,3269.0,6.8,48813.0
55053,6.0,9810.0,4.5,57247.0
55055,4.0,43287.0,2.9,71098.0
55057,7.0,12815.0,4.9,55787.0
55059,1.0,80882.0,4.0,66460.0
55061,2.0,11613.0,2.6,65879.0
55063,3.0,61384.0,3.2,59758.0
55065,8.0,9185.0,2.9,59128.0
55067,6.0,10798.0,4.6,49597.0
55069,6.0,16154.0,4.1,60728.0
55071,4.0,47025.0,3.2,61326.0
55073,3.0,72096.0,3.3,66092.0
55075,6.0,22489.0,4.4,54404.0
55077,8.0,7521.0,5.2,56790.0
55078,8.0,1640.0,8.8,40300.0
55079,1.0,476716.0,4.2,53505.0
55081,6.0,21647.0,3.7,60296.0
55083,2.0,19425.0,3.5,66401.0
55085,7.0,19741.0,4.9,62765.0
55087,3.0,93237.0,2.9,66994.0
55089,1.0,47531.0,2.5,90446.0
55091,8.0,3919.0,3.5,62675.0
55093,1.0,22827.0,2.5,75368.0
55095,6.0,22727.0,3.3,63910.0
55097,4.0,38696.0,3.4,58248.0
55099,9.0,8379.0,5.0,48761.0
55101,3.0,99510.0,3.9,61691.0
55103,6.0,9621.0,3.4,51295.0
55105,3.0,82624.0,4.1,61624.0
55107,6.0,7912.0,5.1,49860.0
55109,1.0,37918.0,2.4,87098.0
55111,4.0,33222.0,2.9,63752.0
55113,7.0,8433.0,5.2,53908.0
55115,6.0,22057.0,3.6,58982.0
55117,3.0,64388.0,2.5,62108.0
55119,6.0,10985.0,3.7,52419.0
55121,6.0,15428.0,3.9,61687.0
55123,6.0,14365.0,3.7,56272.0
55125,9.0,10969.0,4.9,55576.0
55127,4.0,53984.0,2.9,64682.0
55129,7.0,8006.0,5.0,52735.0
55131,1.0,69852.0,2.8,81928.0
55133,1.0,210606.0,2.7,91070.0
55135,6.0,27822.0,3.3,61773.0
55137,6.0,11801.0,4.1,55476.0
55139,3.0,89669.0,2.7,59643.0
55141,4.0,40907.0,3.8,57325.0
56001,4.0,18220.0,3.3,52216.0
56003,9.0,5293.0,4.9,53018.0
56005,5.0,19823.0,3.0,83997.0
56007,7.0,8058.0,4.1,61626.0
56009,6.0,6554.0,3.9,72481.0
56011,9.0,3158.0,3.6,64120.0
56013,7.0,17581.0,5.1,57953.0
56015,7.0,6222.0,3.6,55540.0
56017,7.0,2632.0,3.6,52344.0
56019,7.0,3559.0,3.7,57224.0
56021,3.0,40059.0,3.7,69613.0
56023,7.0,7324.0,3.8,71269.0
56025,3.0,36373.0,3.8,66104.0
56027,9.0,1230.0,3.6,48513.0
56029,7.0,14315.0,4.0,59494.0
56031,7.0,4335.0,4.0,57425.0
56033,7.0,14688.0,3.9,64030.0
56035,9.0,3545.0,2.9,78055.0
56037,5.0,20623.0,3.9,80639.0
56039,7.0,14126.0,2.4,98837.0
56041,7.0,10414.0,3.9,70756.0
56043,7.0,4287.0,4.5,55122.0
56045,7.0,3284.0,4.2,59410.0
