fips,rural_urban_continuum_code_2003,povall_2019,pctpovall_2019
1001,2.0,6723,12.1
1003,4.0,22360,10.1
1005,6.0,5909,27.1
1007,1.0,4101,20.3
1009,1.0,9324,16.3
1011,6.0,2537,30.0
1013,6.0,4124,21.6
1015,3.0,18988,17.2
1017,6.0,6415,19.6
1019,8.0,4121,15.9
1021,1.0,7044,16.0
1023,9.0,2811,22.6
1025,7.0,4281,18.4
1027,9.0,2156,16.6
1029,8.0,1945,13.3
1031,6.0,7734,15.0
1033,3.0,7998,14.6
1035,9.0,2662,22.2
1037,8.0,1789,17.1
1039,7.0,6269,17.2
1041,8.0,2289,16.8
1043,6.0,10088,12.2
1045,4.0,8727,18.1
1047,4.0,9533,26.0
1049,6.0,12848,18.2
1051,2.0,8753,11.4
1053,6.0,6980,20.5
1055,3.0,18801,18.8
1057,6.0,2721,17.0
1059,6.0,4989,16.1
1061,3.0,4180,16.1
1063,3.0,2553,31.7
1065,3.0,2956,20.5
1067,3.0,2919,17.2
1069,3.0,20207,19.4
1071,6.0,7481,14.7
1073,1.0,104288,16.2
1075,9.0,2070,15.3
1077,3.0,14193,15.7
1079,3.0,5773,17.7
1081,3.0,24731,15.5
1083,2.0,11535,12.0
1085,2.0,2555,26.6
1087,6.0,4817,29.3
1089,2.0,41789,11.5
1091,7.0,4601,24.8
1093,8.0,4883,16.9
1095,4.0,14989,15.7
1097,2.0,71784,17.7
1099,7.0,4770,23.3
1101,2.0,34268,15.8
1103,3.0,16146,13.7
1105,8.0,2778,33.9
1107,8.0,4380,24.3
1109,6.0,6742,21.8
1111,6.0,3906,17.5
1113,2.0,10823,18.9
1115,1.0,9780,11.2
1117,1.0,13428,6.2
1119,8.0,4195,36.4
1121,4.0,13326,17.4
1123,6.0,6341,16.0
1125,3.0,32226,16.2
1127,1.0,10837,17.3
1129,8.0,2998,18.6
1131,8.0,3329,32.5
1133,6.0,3882,16.7
2013,9.0,492,14.8
2016,7.0,414,7.6
2020,2.0,26636,9.5
2050,7.0,4249,23.5
2060,9.0,80,9.8
2068,8.0,132,6.6
2070,9.0,883,18.1
2090,3.0,6656,7.2
2100,9.0,247,9.8
2105,10.0,336,15.7
2110,5.0,1951,6.3
2122,7.0,5966,10.4
2130,7.0,1283,9.4
2150,7.0,909,7.1
2158,9.0,2217,26.8
2164,9.0,275,17.4
2170,2.0,10142,9.6
2180,7.0,2033,20.7
2185,7.0,1109,11.4
2188,7.0,1805,24.0
2195,11.0,219,6.7
2198,10.0,1085,17.6
2220,7.0,672,8.1
2230,12.0,47,4.0
2240,8.0,823,12.0
2261,9.0,781,8.6
2275,12.0,240,9.7
2282,9.0,85,14.7
2290,8.0,1266,24.4
4001,6.0,23680,33.4
4003,4.0,20172,16.6
4005,3.0,20817,15.9
4007,4.0,11219,21.1
4009,6.0,7207,20.1
4011,7.0,876,9.3
4012,6.0,4593,22.1
4013,1.0,539670,12.2
4015,4.0,33183,16.0
4017,4.0,27440,25.2
4019,2.0,142859,14.0
4021,1.0,52975,12.1
4023,4.0,8688,18.8
4025,3.0,27845,12.0
4027,3.0,41782,20.4
5001,6.0,2714,15.8
5003,7.0,3603,18.5
5005,7.0,5248,12.7
5007,2.0,24525,8.9
5009,7.0,5572,15.1
5011,6.0,2426,22.9
5013,9.0,771,15.4
5015,6.0,4118,14.7
5017,7.0,2900,31.0
5019,7.0,3971,20.6
5021,7.0,2691,18.7
5023,6.0,3452,14.1
5025,3.0,1080,13.7
5027,7.0,4509,21.2
5029,6.0,3215,15.6
5031,3.0,17960,16.9
5033,2.0,11436,18.3
5035,1.0,10520,22.4
5037,6.0,2874,17.8
5039,6.0,1241,18.8
5041,6.0,2859,25.4
5043,7.0,3191,18.5
5045,2.0,17459,14.4
5047,2.0,2830,16.2
5049,9.0,2169,17.7
5051,3.0,16532,16.9
5053,2.0,2189,12.1
5055,6.0,6925,15.5
5057,6.0,3930,18.5
5059,6.0,6322,20.2
5061,7.0,2176,16.8
5063,7.0,5852,15.9
5065,9.0,2003,15.9
5067,6.0,3313,22.9
5069,3.0,14942,24.4
5071,6.0,4521,17.5
5073,8.0,1655,25.5
5075,6.0,2887,18.4
5077,6.0,2515,35.4
5079,3.0,2567,27.1
5081,6.0,2157,17.8
5083,6.0,3640,17.4
5085,2.0,7760,10.7
5087,2.0,2699,16.4
5089,9.0,2687,16.3
5091,3.0,5909,14.1
5093,4.0,9128,23.0
5095,7.0,1681,25.5
5097,8.0,1756,19.9
5099,7.0,1951,24.1
5101,9.0,1386,18.1
5103,7.0,3969,17.3
5105,2.0,1710,16.5
5107,7.0,5841,33.3
5109,9.0,1769,16.9
5111,3.0,5339,23.1
5113,7.0,3991,20.2
5115,5.0,10218,16.9
5117,8.0,1190,15.0
5119,2.0,56020,14.6
5121,7.0,3036,17.3
5123,6.0,6679,32.0
5125,2.0,11665,9.6
5127,6.0,1983,19.6
5129,9.0,1740,22.4
5131,2.0,19923,15.9
5133,7.0,2962,17.7
5135,7.0,4007,23.3
5137,9.0,2378,19.3
5139,5.0,7216,18.9
5141,8.0,3235,19.9
5143,2.0,34731,15.1
5145,4.0,11613,15.4
5147,9.0,1678,27.1
5149,6.0,3265,15.6
6001,1.0,146315,8.9
6003,8.0,193,17.2
6005,6.0,3462,9.8
6007,3.0,34503,16.1
6009,6.0,5477,12.1
6011,6.0,2554,12.0
6013,1.0,90482,7.9
6015,7.0,4445,17.9
6017,1.0,16649,8.7
6019,2.0,200873,20.5
6021,6.0,3397,12.1
6023,5.0,25136,19.1
6025,3.0,38020,22.0
6027,7.0,2071,11.7
6029,2.0,164817,19.0
6031,3.0,21840,16.0
6033,4.0,11622,18.3
6035,6.0,3789,16.5
6037,1.0,1319242,13.4
6039,3.0,26309,17.6
6041,1.0,17357,6.9
6043,8.0,2565,15.1
6045,4.0,11980,14.0
6047,3.0,46011,17.0
6049,6.0,1757,20.5
6051,7.0,1437,10.1
6053,2.0,52484,12.6
6055,3.0,9897,7.4
6057,4.0,9268,9.4
6059,1.0,297658,9.5
6061,1.0,26170,6.6
6063,7.0,2432,13.2
6065,1.0,274953,11.3
6067,1.0,192993,12.6
6069,1.0,6518,10.4
6071,1.0,284359,13.3
6073,1.0,335034,10.3
6075,1.0,82616,9.5
6077,2.0,101772,13.6
6079,3.0,31180,11.6
6081,1.0,46328,6.1
6083,2.0,51298,12.0
6085,1.0,116401,6.1
6087,2.0,27531,10.6
6089,3.0,23508,13.3
6091,8.0,375,12.7
6093,7.0,7484,17.4
6095,2.0,39018,9.0
6097,2.0,34758,7.2
6099,2.0,70741,13.0
6101,3.0,12310,12.8
6103,4.0,10484,16.3
6105,8.0,1986,16.5
6107,2.0,86940,18.9
6109,4.0,5781,11.3
6111,2.0,68482,8.2
6113,1.0,35608,16.9
6115,3.0,11748,15.2
8001,1.0,47464,9.3
8003,7.0,3019,19.6
8005,1.0,47072,7.2
8007,7.0,1502,10.8
8009,9.0,675,19.3
8011,7.0,1354,34.4
8013,2.0,33965,10.7
8014,1.0,2865,4.1
8015,7.0,2070,11.0
8017,9.0,243,13.7
8019,1.0,709,7.4
8021,9.0,1624,19.9
8023,9.0,955,24.6
8025,8.0,1249,40.0
8027,8.0,577,11.8
8029,6.0,4602,15.1
8031,1.0,86020,12.1
8033,9.0,262,12.8
8035,1.0,9622,2.7
8037,5.0,4365,7.9
8039,1.0,1514,5.7
8041,2.0,61692,8.8
8043,4.0,6361,16.1
8045,5.0,5694,9.6
8047,1.0,421,6.8
8049,8.0,1271,8.1
8051,7.0,1920,11.6
8053,9.0,72,8.9
8055,6.0,1349,20.0
8057,9.0,175,12.6
8059,1.0,41258,7.2
8061,9.0,188,13.5
8063,7.0,927,13.2
8065,7.0,913,11.4
8067,6.0,6127,11.3
8069,2.0,35894,10.3
8071,7.0,2407,17.6
8073,8.0,793,17.0
8075,7.0,2389,12.9
8077,3.0,16840,11.2
8079,9.0,72,9.4
8081,7.0,1611,12.2
8083,6.0,3856,14.9
8085,7.0,5565,13.2
8087,6.0,3386,11.9
8089,6.0,4297,24.2
8091,9.0,342,6.9
8093,1.0,1602,8.6
8095,9.0,435,10.4
8097,7.0,1099,6.2
8099,7.0,2159,18.2
8101,3.0,29187,17.8
8103,9.0,624,10.3
8105,7.0,1591,14.4
8107,7.0,1820,7.2
8109,9.0,1726,25.4
8111,9.0,99,13.7
8113,9.0,804,9.9
8115,9.0,323,14.6
8117,7.0,1963,6.4
8119,2.0,1990,7.9
8121,9.0,556,11.8
8123,3.0,26547,8.4
8125,7.0,1255,12.8
9001,2.0,83047,9.0
9003,1.0,93694,10.8
9005,4.0,12741,7.1
9007,1.0,11024,7.0
9009,2.0,99423,12.0
9011,2.0,19739,7.8
9013,1.0,10559,7.8
9015,4.0,12874,11.5
10001,3.0,22195,12.7
10003,1.0,56289,10.4
10005,4.0,27742,12.1
11001,1.0,94985,14.1
12001,3.0,46916,18.4
12003,1.0,3914,14.9
12005,3.0,20643,12.1
12007,6.0,5011,21.0
12009,2.0,55578,9.4
12011,1.0,237486,12.3
12013,6.0,2508,20.3
12015,3.0,21188,11.4
12017,4.0,22291,15.2
12019,1.0,18095,8.3
12021,2.0,35928,9.4
12023,6.0,10338,15.6
12027,6.0,7626,21.8
12029,6.0,3338,22.2
12031,1.0,126963,13.5
12033,2.0,46519,15.5
12035,4.0,11049,9.7
12037,6.0,1995,19.2
12039,2.0,8472,19.7
12041,3.0,2601,15.0
12043,6.0,2377,19.3
12045,6.0,1848,14.0
12047,6.0,3794,32.5
12049,6.0,5614,22.1
12051,4.0,8086,19.5
12053,1.0,23779,12.4
12055,4.0,16519,15.8
12057,1.0,195684,13.5
12059,6.0,3587,20.1
12061,3.0,18179,11.5
12063,6.0,7769,19.4
12065,2.0,2276,17.6
12067,8.0,1289,18.0
12069,1.0,39419,10.9
12071,2.0,85295,11.2
12073,2.0,58203,20.8
12075,8.0,7458,18.2
12077,8.0,1453,23.0
12079,6.0,3732,22.7
12081,2.0,44991,11.3
12083,2.0,52950,14.9
12085,2.0,14000,8.9
12086,1.0,419056,15.7
12087,4.0,7239,9.9
12089,1.0,7951,9.0
12091,3.0,21866,10.6
12093,4.0,7189,18.4
12095,1.0,171599,12.6
12097,1.0,49803,13.4
12099,1.0,168026,11.4
12101,1.0,61716,11.3
12103,1.0,108948,11.4
12105,2.0,99590,14.0
12107,4.0,16318,22.4
12109,1.0,16829,6.4
12111,2.0,34008,10.5
12113,2.0,17435,9.8
12115,2.0,33144,7.8
12117,1.0,43741,9.3
12119,4.0,11078,8.9
12121,6.0,7144,17.1
12123,6.0,3792,19.9
12125,6.0,2065,19.9
12127,2.0,70554,13.1
12129,2.0,3651,12.0
12131,6.0,7740,10.8
12133,6.0,4587,20.1
13001,7.0,3737,20.9
13003,9.0,1887,23.2
13005,7.0,2080,19.2
13007,3.0,749,24.8
13009,4.0,8934,22.9
13011,8.0,2454,12.8
13013,1.0,8021,9.7
13015,1.0,13243,12.5
13017,7.0,3738,22.8
13019,6.0,3843,20.1
13021,3.0,33912,23.2
13023,6.0,2112,18.5
13025,3.0,3056,16.1
13027,3.0,3372,21.9
13029,2.0,3073,7.8
13031,4.0,15945,21.9
13033,2.0,5197,23.6
13035,1.0,3217,14.7
13037,8.0,1608,35.9
13039,4.0,7219,13.8
13043,7.0,2427,23.1
13045,1.0,17148,14.9
13047,2.0,6704,10.0
13049,6.0,2804,25.9
13051,2.0,40565,14.8
13053,2.0,1547,18.5
13055,6.0,4085,17.4
13057,1.0,16725,6.5
13059,3.0,30277,25.7
13061,9.0,797,28.8
13063,1.0,45655,16.0
13065,6.0,1435,22.0
13067,1.0,62275,8.3
13069,7.0,8048,20.2
13071,6.0,9738,21.9
13073,2.0,8747,5.6
13075,6.0,3654,21.4
13077,1.0,13318,9.0
13079,3.0,1875,15.3
13081,6.0,5830,26.7
13083,2.0,2038,13.5
13085,1.0,2267,8.8
13087,6.0,5915,23.4
13089,1.0,95805,12.9
13091,7.0,3853,20.6
13093,6.0,3236,28.2
13095,3.0,23192,27.6
13097,1.0,15842,10.9
13099,6.0,2733,27.3
13101,3.0,861,21.6
13103,2.0,5784,9.1
13105,6.0,3897,20.6
13107,7.0,4441,20.9
13109,6.0,2459,24.1
13111,8.0,3144,12.1
13113,1.0,6105,5.4
13115,3.0,15537,16.4
13117,1.0,11024,4.5
13119,8.0,3887,17.3
13121,1.0,141979,13.8
13123,6.0,4543,14.6
13125,9.0,486,16.9
13127,3.0,12943,15.4
13129,6.0,7001,12.3
13131,6.0,5276,21.7
13133,6.0,2709,15.0
13135,1.0,85810,9.2
13137,6.0,6515,15.2
13139,3.0,27137,13.5
13141,7.0,2225,31.2
13143,1.0,4223,14.4
13145,2.0,2270,6.5
13147,6.0,3717,14.6
13149,1.0,1958,16.7
13151,1.0,18819,8.1
13153,3.0,17079,11.0
13155,7.0,1699,20.5
13157,6.0,7418,10.3
13159,1.0,1748,12.4
13161,7.0,3169,21.2
13163,6.0,3710,25.1
13165,6.0,2162,29.0
13167,9.0,1931,24.2
13169,3.0,3629,12.8
13171,1.0,2641,14.8
13173,3.0,1871,18.5
13175,6.0,11049,23.9
13177,3.0,2715,9.3
13179,3.0,8680,14.5
13181,8.0,1357,17.3
13183,3.0,2726,14.2
13185,3.0,22685,20.4
13187,6.0,4432,14.5
13189,2.0,3792,18.0
13191,3.0,2671,18.7
13193,6.0,3249,29.4
13195,3.0,4608,15.6
13197,2.0,1745,21.1
13199,1.0,4634,22.2
13201,8.0,1193,21.3
13205,6.0,6048,30.7
13207,3.0,2787,10.6
13209,9.0,1619,19.4
13211,6.0,2109,11.1
13213,3.0,5755,14.5
13215,2.0,34694,18.4
13217,1.0,12348,11.2
13219,3.0,2236,5.6
13221,3.0,1922,12.8
13223,1.0,11461,6.8
13225,6.0,5203,19.8
13227,1.0,3327,10.3
13229,6.0,3157,16.4
13231,1.0,1615,8.7
13233,6.0,6816,16.2
13235,6.0,2048,20.7
13237,6.0,3316,15.1
13239,9.0,523,22.8
13241,9.0,2181,13.0
13243,6.0,1635,25.3
13245,2.0,41081,21.7
13247,1.0,10873,12.1
13249,8.0,834,15.9
13251,6.0,3239,24.1
13253,6.0,1808,22.6
13255,1.0,11537,17.7
13257,7.0,3794,15.0
13259,8.0,1702,34.7
13261,6.0,7420,26.7
13263,8.0,1210,19.6
13265,8.0,345,22.5
13267,6.0,5507,26.5
13269,8.0,1810,22.9
13271,7.0,3516,27.7
13273,3.0,2325,28.2
13275,4.0,7894,18.0
13277,4.0,8380,21.5
13279,7.0,5086,19.2
13281,9.0,1376,12.7
13283,7.0,2043,31.6
13285,4.0,13009,19.2
13287,6.0,2132,28.0
13289,3.0,1522,19.0
13291,9.0,2800,11.6
13293,6.0,4932,19.1
13295,2.0,10034,14.7
13297,1.0,10070,10.8
13299,4.0,8742,26.3
13301,8.0,1372,26.5
13303,7.0,3940,21.4
13305,6.0,5116,18.4
13307,8.0,477,18.4
13309,9.0,1821,34.2
13311,8.0,3259,10.9
13313,3.0,13110,12.7
13315,9.0,1991,29.4
13317,6.0,1875,19.6
13319,8.0,1491,17.0
13321,3.0,4061,20.3
15001,5.0,26071,13.1
15003,2.0,74282,7.9
15007,5.0,6659,9.3
15009,5.0,17638,10.7
16001,2.0,44023,9.4
16003,8.0,539,12.7
16005,3.0,11554,13.5
16007,7.0,717,11.8
16009,6.0,1415,15.4
16011,6.0,5145,11.1
16013,7.0,1657,7.2
16015,2.0,899,11.6
16017,6.0,5689,12.6
16019,3.0,10953,9.3
16021,7.0,1794,14.8
16023,8.0,376,14.6
16025,9.0,99,9.0
16027,2.0,22828,10.1
16029,6.0,718,10.1
16031,7.0,2843,12.0
16033,8.0,122,14.5
16035,6.0,1082,13.5
16037,9.0,556,13.0
16039,4.0,3758,14.1
16041,3.0,1122,8.2
16043,6.0,1598,12.7
16045,2.0,2266,12.7
16047,7.0,2285,15.1
16049,6.0,2227,13.8
16051,3.0,2723,9.2
16053,7.0,3429,14.2
16055,3.0,16374,10.0
16057,4.0,4353,11.7
16059,7.0,1070,13.5
16061,8.0,502,13.2
16063,9.0,592,11.2
16065,6.0,10731,27.4
16067,7.0,2361,11.3
16069,3.0,4372,11.1
16071,8.0,507,11.3
16073,2.0,1736,14.9
16075,6.0,2615,11.0
16077,3.0,998,13.1
16079,6.0,2426,19.1
16081,9.0,931,7.7
16083,5.0,9420,11.0
16085,8.0,995,8.8
16087,6.0,1345,13.4
17001,5.0,7786,12.3
17003,7.0,1361,24.0
17005,1.0,1920,13.0
17007,2.0,4701,8.9
17009,7.0,674,14.8
17011,6.0,3594,11.2
17013,1.0,452,9.7
17015,7.0,1560,11.1
17017,6.0,1554,13.0
17019,3.0,38566,19.9
17021,6.0,3769,12.3
17023,6.0,1636,10.8
17025,7.0,1793,13.8
17027,1.0,2645,7.5
17029,5.0,7957,16.8
17031,1.0,659687,13.0
17033,6.0,2170,12.6
17035,9.0,1075,10.1
17037,1.0,12909,13.0
17039,6.0,1683,11.0
17041,6.0,1544,8.0
17043,1.0,54833,6.0
17045,6.0,2220,13.2
17047,9.0,744,11.8
17049,7.0,3087,9.2
17051,6.0,2961,15.1
17053,3.0,1256,10.0
17055,5.0,6199,16.4
17057,6.0,4181,13.3
17059,8.0,911,19.0
17061,6.0,1730,13.7
17063,1.0,2827,5.6
17065,7.0,1017,12.7
17067,7.0,2149,12.3
17069,9.0,683,18.0
17071,9.0,724,11.0
17073,2.0,4164,8.7
17075,6.0,3083,11.6
17077,5.0,13551,25.4
17079,7.0,942,9.9
17081,7.0,5267,14.9
17083,1.0,2171,10.4
17085,6.0,1965,9.3
17087,7.0,1435,12.9
17089,1.0,43305,8.2
17091,3.0,13271,12.7
17093,1.0,5195,4.0
17095,4.0,8490,18.6
17097,1.0,49130,7.2
17099,4.0,12837,12.2
17101,7.0,2442,18.4
17103,4.0,3724,12.0
17105,4.0,4319,13.0
17107,6.0,3124,12.8
17109,5.0,6134,23.3
17111,1.0,16380,5.4
17113,3.0,23034,14.3
17115,3.0,16762,16.7
17117,1.0,5934,13.5
17119,1.0,28284,10.9
17121,4.0,5456,15.0
17123,2.0,1007,9.0
17125,6.0,1592,12.1
17127,7.0,2143,15.9
17129,3.0,986,8.2
17131,2.0,1233,8.1
17133,1.0,1423,4.2
17135,6.0,4140,16.0
17137,4.0,4209,13.8
17139,6.0,1218,8.6
17141,4.0,4684,9.4
17143,2.0,25825,14.8
17145,7.0,2650,14.4
17147,3.0,1054,6.5
17149,7.0,2164,14.4
17151,9.0,688,16.9
17153,9.0,1171,22.0
17155,8.0,435,7.6
17157,6.0,3499,12.7
17159,7.0,1980,13.1
17161,2.0,18669,13.6
17163,1.0,33979,13.3
17165,7.0,3556,15.7
17167,3.0,23367,12.2
17169,7.0,753,11.3
17171,9.0,545,11.2
17173,6.0,2000,9.4
17175,2.0,587,11.2
17177,4.0,4997,11.5
17179,2.0,10576,8.2
17181,7.0,2835,17.2
17183,3.0,12253,16.8
17185,6.0,1533,13.5
17187,7.0,1805,11.4
17189,6.0,1099,8.1
17191,7.0,2116,13.1
17193,6.0,1906,14.5
17195,4.0,6176,11.4
17197,1.0,44518,6.5
17199,5.0,8627,13.4
17201,2.0,44613,16.1
17203,2.0,2269,6.1
18001,6.0,4444,12.6
18003,2.0,39176,10.5
18005,3.0,9205,11.2
18007,3.0,752,8.7
18009,6.0,1474,12.8
18011,1.0,4619,6.9
18013,1.0,1565,10.5
18015,3.0,1739,8.7
18017,4.0,4630,12.6
18019,1.0,11267,9.7
18021,3.0,2920,11.3
18023,6.0,3545,11.3
18025,8.0,1723,16.5
18027,7.0,3686,11.3
18029,1.0,4546,9.3
18031,6.0,2502,9.6
18033,4.0,4040,9.5
18035,3.0,22680,21.5
18037,7.0,2465,5.9
18039,3.0,19316,9.6
18041,7.0,3059,13.5
18043,1.0,8161,10.6
18045,6.0,2000,12.5
18047,1.0,2073,9.2
18049,7.0,1876,9.6
18051,2.0,3050,9.3
18053,4.0,9713,16.0
18055,3.0,4242,13.5
18057,1.0,14199,4.2
18059,1.0,3978,5.2
18061,1.0,3276,8.2
18063,1.0,8123,4.9
18065,4.0,5709,12.9
18067,3.0,9880,12.2
18069,6.0,3407,9.7
18071,4.0,4391,10.1
18073,1.0,2854,8.8
18075,6.0,2510,12.5
18077,6.0,3476,11.6
18079,6.0,3169,11.6
18081,1.0,9294,6.0
18083,4.0,4381,12.7
18085,4.0,6996,9.0
18087,6.0,2943,7.5
18089,1.0,69073,14.5
18091,3.0,13771,13.4
18093,4.0,4670,10.5
18095,3.0,16056,13.1
18097,1.0,143107,15.2
18099,6.0,4947,10.9
18101,6.0,1098,10.9
18103,6.0,4162,13.0
18105,3.0,27710,20.8
18107,6.0,4478,12.1
18109,1.0,6201,8.9
18111,1.0,1300,9.5
18113,6.0,3662,7.8
18115,1.0,554,9.6
18117,6.0,2728,14.1
18119,3.0,2447,12.0
18121,6.0,2308,15.1
18123,6.0,2113,12.1
18125,6.0,1140,9.4
18127,1.0,13421,8.1
18129,2.0,2167,8.6
18131,6.0,1357,11.2
18133,1.0,3408,10.5
18135,6.0,3222,13.3
18137,6.0,2525,9.1
18139,6.0,1785,11.0
18141,2.0,39848,15.3
18143,6.0,3194,13.6
18145,1.0,4414,10.1
18147,8.0,1728,8.7
18149,6.0,3046,13.3
18151,7.0,2846,8.6
18153,3.0,2643,14.4
18155,8.0,1529,14.5
18157,3.0,28780,16.1
18159,3.0,1166,7.8
18161,8.0,667,9.6
18163,2.0,25190,14.4
18165,3.0,1859,12.2
18167,3.0,20241,20.8
18169,6.0,3163,10.9
18171,8.0,766,9.4
18173,2.0,3888,6.3
18175,1.0,3325,12.1
18177,5.0,9577,15.2
18179,2.0,2041,7.4
18181,6.0,2429,10.3
18183,2.0,2559,7.7
19001,8.0,750,10.7
19003,9.0,450,12.5
19005,6.0,1745,13.0
19007,7.0,2373,19.3
19009,8.0,587,10.9
19011,3.0,1964,7.8
19013,3.0,17407,13.7
19015,6.0,2227,8.7
19017,3.0,1581,6.7
19019,6.0,1984,9.5
19021,7.0,1903,10.2
19023,8.0,1492,10.5
19025,9.0,1032,11.5
19027,7.0,1631,8.2
19029,6.0,1798,14.3
19031,6.0,1433,7.8
19033,5.0,3504,8.5
19035,6.0,1105,10.2
19037,6.0,1012,8.5
19039,6.0,1078,11.7
19041,7.0,1627,10.3
19043,8.0,1910,11.0
19045,4.0,6009,13.1
19047,6.0,2074,12.5
19049,2.0,3956,4.3
19051,9.0,1021,11.5
19053,9.0,1309,18.3
19055,6.0,1450,8.6
19057,5.0,5703,14.9
19059,7.0,1192,7.0
19061,3.0,10030,10.7
19063,7.0,999,11.4
19065,6.0,2489,13.2
19067,7.0,1802,11.7
19069,7.0,1105,11.2
19071,8.0,789,11.6
19073,6.0,986,11.2
19075,3.0,659,5.5
19077,2.0,929,8.8
19079,6.0,1320,9.1
19081,7.0,945,9.0
19083,6.0,1689,10.6
19085,2.0,1206,8.7
19087,7.0,2142,11.7
19089,7.0,865,9.6
19091,7.0,1010,10.8
19093,8.0,704,10.5
19095,8.0,1056,6.7
19097,6.0,2362,12.3
19099,6.0,2968,8.4
19101,7.0,2386,14.2
19103,3.0,22937,16.0
19105,3.0,1844,9.5
19107,8.0,1150,11.4
19109,7.0,1506,10.3
19111,5.0,4859,15.0
19113,3.0,24600,11.1
19115,8.0,999,9.2
19117,6.0,1263,14.9
19119,8.0,858,7.4
19121,2.0,1114,6.9
19123,7.0,2316,10.8
19125,6.0,2636,8.2
19127,4.0,4947,13.0
19129,2.0,1283,8.8
19131,7.0,961,9.3
19133,6.0,1028,12.3
19135,7.0,811,10.7
19137,6.0,1279,13.2
19139,4.0,4249,10.1
19141,7.0,1365,10.1
19143,7.0,544,9.3
19145,7.0,2020,14.9
19147,7.0,952,11.1
19149,6.0,1796,7.2
19151,9.0,654,10.1
19153,2.0,48468,10.1
19155,2.0,10002,11.0
19157,7.0,1951,11.6
19159,9.0,713,15.1
19161,9.0,903,9.5
19163,2.0,20016,11.8
19165,6.0,970,8.7
19167,6.0,2272,7.0
19169,3.0,13727,15.8
19171,6.0,2168,13.1
19173,9.0,753,12.5
19175,6.0,1433,12.1
19177,9.0,895,12.8
19179,5.0,4842,14.2
19181,2.0,3621,7.3
19183,3.0,1971,9.1
19185,9.0,1211,19.1
19187,5.0,4005,12.1
19189,7.0,1011,10.2
19191,7.0,1549,8.6
19193,3.0,12882,12.8
19195,9.0,711,9.8
19197,7.0,1364,11.0
20001,7.0,2067,17.3
20003,6.0,982,12.7
20005,6.0,2051,13.8
20007,9.0,593,13.6
20009,7.0,3345,13.4
20011,6.0,2185,15.6
20013,6.0,1454,15.4
20015,2.0,5460,8.5
20017,8.0,285,11.4
20019,9.0,518,16.4
20021,6.0,3016,15.4
20023,9.0,301,11.6
20025,9.0,238,12.4
20027,7.0,780,10.0
20029,7.0,1123,13.5
20031,6.0,903,11.2
20033,9.0,187,11.6
20035,4.0,4416,13.5
20037,4.0,6828,18.5
20039,9.0,361,13.2
20041,7.0,1764,9.8
20043,3.0,810,11.4
20045,3.0,17127,15.1
20047,9.0,322,11.7
20049,8.0,481,19.4
20051,5.0,3596,13.1
20053,7.0,490,9.6
20055,5.0,4647,13.0
20057,5.0,4522,13.8
20059,1.0,2594,10.4
20061,5.0,3586,11.7
20063,9.0,246,9.6
20065,9.0,288,11.8
20067,7.0,743,10.5
20069,9.0,448,7.6
20071,9.0,131,10.9
20073,6.0,873,14.9
20075,9.0,332,13.1
20077,8.0,751,14.2
20079,2.0,3058,9.3
20081,9.0,379,9.7
20083,9.0,184,10.4
20085,3.0,1410,10.9
20087,3.0,1456,7.8
20089,9.0,369,13.0
20091,1.0,31666,5.3
20093,9.0,389,10.4
20095,6.0,783,11.3
20097,9.0,281,12.1
20099,7.0,3027,15.8
20101,9.0,157,10.3
20103,1.0,6255,8.3
20105,9.0,350,12.1
20107,1.0,1148,12.0
20109,9.0,274,10.0
20111,5.0,4790,15.1
20113,6.0,1991,7.2
20115,6.0,1191,10.7
20117,7.0,896,9.4
20119,9.0,380,9.7
20121,1.0,2294,6.8
20123,7.0,630,11.1
20125,5.0,4807,15.7
20127,9.0,582,10.5
20129,9.0,292,11.7
20131,8.0,872,8.8
20133,7.0,2426,15.7
20135,9.0,283,10.6
20137,7.0,527,11.6
20139,3.0,2231,14.2
20141,9.0,445,13.5
20143,9.0,553,9.9
20145,7.0,755,14.0
20147,7.0,565,11.0
20149,6.0,1735,7.2
20151,7.0,981,11.2
20153,9.0,352,14.2
20155,4.0,7882,13.4
20157,9.0,553,12.2
20159,7.0,1042,11.8
20161,5.0,13334,20.9
20163,9.0,509,10.5
20165,9.0,362,12.2
20167,7.0,974,14.4
20169,5.0,6514,12.3
20171,7.0,372,7.9
20173,2.0,64061,12.6
20175,7.0,2969,14.2
20177,3.0,16817,9.8
20179,9.0,294,11.8
20181,7.0,725,12.5
20183,9.0,407,11.6
20185,9.0,559,13.7
20187,9.0,206,10.6
20189,7.0,524,9.7
20191,2.0,2542,11.4
20193,7.0,670,9.1
20195,9.0,295,10.8
20197,3.0,472,6.9
20199,9.0,181,12.1
20201,9.0,502,9.5
20203,9.0,230,11.0
20205,7.0,1110,13.3
20207,9.0,440,14.3
20209,1.0,33777,20.6
21001,7.0,3832,21.4
21003,6.0,3543,16.8
21005,6.0,2294,10.2
21007,9.0,1195,15.5
21009,6.0,8697,20.1
21011,8.0,2397,19.4
21013,7.0,7569,30.3
21015,1.0,9435,7.1
21017,2.0,2736,14.1
21019,2.0,9186,20.6
21021,7.0,4119,15.5
21023,1.0,1156,14.1
21025,7.0,3609,29.2
21027,8.0,3675,18.3
21029,1.0,6294,7.8
21031,8.0,2261,18.0
21033,6.0,1982,15.8
21035,7.0,5875,16.5
21037,1.0,9833,10.9
21039,9.0,725,15.5
21041,6.0,1569,15.2
21043,6.0,5207,20.0
21045,9.0,3938,25.2
21047,3.0,12219,18.9
21049,2.0,4627,13.0
21051,7.0,5905,32.6
21053,9.0,2353,23.4
21055,6.0,1646,19.2
21057,9.0,1492,23.0
21059,3.0,15213,15.4
21061,3.0,1925,16.0
21063,9.0,1775,27.7
21065,6.0,3161,22.7
21067,2.0,47657,15.4
21069,7.0,3065,21.1
21071,7.0,9632,27.4
21073,4.0,5680,11.5
21075,7.0,1412,25.6
21077,1.0,1167,13.3
21079,6.0,2741,15.7
21081,1.0,3256,13.3
21083,7.0,6551,17.9
21085,6.0,5175,20.3
21087,8.0,2010,18.6
21089,2.0,5490,15.9
21091,3.0,1055,12.2
21093,3.0,11476,10.7
21095,7.0,7918,31.1
21097,6.0,2845,15.3
21099,8.0,3767,20.1
21101,2.0,7172,16.3
21103,1.0,2337,14.7
21105,9.0,703,16.9
21107,4.0,7829,18.1
21109,9.0,3655,27.8
21111,1.0,106552,14.2
21113,2.0,5744,11.0
21115,7.0,5575,25.8
21117,1.0,18352,11.2
21119,9.0,4291,30.5
21121,7.0,9538,31.5
21123,3.0,2160,15.4
21125,7.0,12793,21.4
21127,6.0,3546,23.4
21129,9.0,2220,34.9
21131,9.0,3106,32.3
21133,9.0,6158,28.9
21135,8.0,3036,23.2
21137,7.0,4770,19.7
21139,9.0,1110,12.2
21141,6.0,4080,15.3
21143,8.0,1015,14.5
21145,5.0,9947,15.5
21147,9.0,5319,34.5
21149,3.0,1268,14.0
21151,4.0,15284,17.7
21153,9.0,3528,29.4
21155,6.0,3148,16.8
21157,7.0,3596,11.8
21159,8.0,3353,34.4
21161,6.0,2619,15.7
21163,1.0,3206,11.4
21165,9.0,1661,26.1
21167,6.0,2990,13.8
21169,9.0,2241,22.6
21171,9.0,2263,21.7
21173,6.0,4373,15.8
21175,7.0,2997,26.5
21177,6.0,5425,18.8
21179,1.0,4773,10.5
21181,8.0,1236,17.3
21183,6.0,3672,15.6
21185,1.0,3070,4.9
21187,8.0,1703,15.7
21189,9.0,1528,35.5
21191,1.0,1791,12.4
21193,7.0,6080,24.2
21195,7.0,13523,24.0
21197,6.0,2593,21.5
21199,5.0,14392,22.5
21201,8.0,450,22.0
21203,7.0,3425,21.0
21205,7.0,4976,23.3
21207,9.0,3990,22.6
21209,2.0,4795,8.6
21211,1.0,4449,9.4
21213,6.0,2264,12.5
21215,1.0,1403,7.3
21217,7.0,3997,16.4
21219,8.0,2060,17.1
21221,3.0,2119,14.6
21223,1.0,996,11.9
21225,6.0,2455,17.3
21227,3.0,19308,15.4
21229,8.0,1723,14.4
21231,7.0,4736,23.8
21233,2.0,2032,16.3
21235,7.0,7763,22.6
21237,9.0,2108,30.1
21239,2.0,2162,8.3
22001,4.0,12365,20.3
22003,6.0,4610,21.6
22005,2.0,12011,9.6
22007,6.0,4071,18.8
22009,6.0,8980,24.4
22011,6.0,5167,14.3
22013,6.0,3137,24.4
22015,2.0,20339,16.4
22017,2.0,56480,24.1
22019,3.0,37742,18.9
22021,8.0,1818,19.5
22023,3.0,949,13.7
22025,9.0,2275,26.4
22027,7.0,4135,32.5
22029,7.0,4873,27.5
22031,2.0,4898,18.0
22033,2.0,76011,17.7
22035,7.0,2221,38.4
22037,2.0,3130,18.7
22039,6.0,9115,28.6
22041,7.0,4990,25.8
22043,3.0,3610,18.6
22045,4.0,15059,21.9
22047,2.0,5370,18.7
22049,6.0,2827,19.2
22051,1.0,62709,14.6
22053,6.0,5877,19.1
22055,3.0,39646,16.6
22057,3.0,16755,17.5
22059,6.0,2300,16.9
22061,4.0,12361,29.5
22063,2.0,16700,12.0
22065,7.0,3855,41.1
22067,6.0,7449,31.0
22069,6.0,7047,19.6
22071,1.0,88917,23.5
22073,3.0,35315,23.9
22075,1.0,3450,15.1
22077,2.0,4312,20.0
22079,3.0,23052,18.3
22081,6.0,1970,23.9
22083,6.0,4810,25.1
22085,6.0,4296,18.4
22087,1.0,8967,19.2
22089,1.0,5824,11.1
22091,2.0,1952,19.6
22093,6.0,3455,16.6
22095,1.0,6780,16.0
22097,4.0,18256,22.6
22099,3.0,9811,18.7
22101,4.0,11532,23.8
22103,1.0,29707,11.5
22105,4.0,28408,21.7
22107,9.0,1247,28.9
22109,3.0,20691,19.0
22111,3.0,4187,19.4
22113,4.0,10017,17.0
22115,4.0,6850,15.3
22117,6.0,11062,24.9
22119,6.0,10967,29.6
22121,2.0,3734,14.4
22123,9.0,2177,21.0
22125,2.0,2261,22.1
22127,6.0,2852,23.4
23001,3.0,10871,10.4
23003,7.0,10052,15.5
23005,2.0,22333,7.8
23007,6.0,3653,12.6
23009,6.0,5695,10.6
23011,4.0,13605,11.5
23013,7.0,4174,10.9
23015,8.0,3727,11.0
23017,6.0,7414,13.0
23019,3.0,17894,12.4
23021,8.0,2717,16.5
23023,2.0,3054,8.6
23025,6.0,9059,18.3
23027,6.0,5318,13.7
23029,7.0,6009,19.6
23031,2.0,15990,7.9
24001,3.0,10038,16.0
24003,1.0,32641,5.8
24005,1.0,71496,8.9
24009,1.0,5216,5.7
24011,6.0,3990,12.1
24013,1.0,8359,5.1
24015,1.0,10469,10.3
24017,1.0,10268,6.4
24019,6.0,5160,16.4
24021,1.0,14538,5.7
24023,6.0,3644,12.8
24025,1.0,16851,6.7
24027,1.0,16216,5.0
24029,6.0,2242,12.4
24031,1.0,75836,7.3
24033,1.0,76853,8.7
24035,1.0,2967,6.0
24037,4.0,8494,7.7
24039,3.0,4775,23.6
24041,6.0,3210,8.7
24043,3.0,17545,12.3
24045,3.0,15845,16.0
24047,4.0,5103,9.9
24510,1.0,115961,20.4
25001,3.0,13595,6.5
25003,3.0,13321,11.2
25005,1.0,62413,11.3
25007,7.0,1249,7.3
25009,1.0,68255,8.8
25011,2.0,6403,9.3
25013,2.0,62331,13.8
25015,2.0,15342,11.1
25017,1.0,108177,6.9
25019,7.0,620,5.5
25021,1.0,40148,5.8
25023,1.0,37885,7.4
25025,1.0,126266,16.7
25027,2.0,75546,9.4
26001,9.0,1846,18.0
26003,9.0,1020,12.6
26005,4.0,12648,10.8
26007,7.0,3894,13.9
26009,9.0,2216,9.6
26011,8.0,2528,17.2
26013,9.0,984,13.7
26015,2.0,4749,7.8
26017,3.0,13645,13.4
26019,9.0,1685,9.6
26021,3.0,23806,15.9
26023,6.0,5462,13.2
26025,3.0,18085,13.9
26027,2.0,7558,14.8
26029,7.0,2510,9.7
26031,7.0,3716,14.9
26033,5.0,5966,18.3
26035,7.0,5982,19.6
26037,2.0,6164,7.8
26039,7.0,1933,14.0
26041,5.0,4844,13.8
26043,5.0,2457,9.9
26045,2.0,8093,7.5
26047,7.0,3029,9.2
26049,2.0,66557,16.6
26051,6.0,3401,13.5
26053,7.0,2325,17.1
26055,5.0,6638,7.2
26057,6.0,5035,14.3
26059,6.0,6771,15.3
26061,5.0,4828,14.7
26063,7.0,4190,13.7
26065,2.0,47655,17.3
26067,2.0,6792,11.5
26069,7.0,3495,14.2
26071,7.0,1473,13.7
26073,5.0,14755,22.9
26075,3.0,20500,13.7
26077,2.0,34247,13.3
26079,7.0,2478,13.9
26081,2.0,72323,11.2
26083,9.0,217,10.3
26085,8.0,2342,20.2
26087,1.0,8674,10.1
26089,9.0,1541,7.1
26091,4.0,11037,11.8
26093,1.0,8415,4.4
26095,7.0,969,19.2
26097,7.0,1507,14.1
26099,1.0,74273,8.6
26101,7.0,2862,12.3
26103,5.0,7321,11.8
26105,7.0,3992,13.9
26107,6.0,7976,19.9
26109,7.0,3029,13.5
26111,4.0,7920,9.7
26113,9.0,1633,10.9
26115,3.0,15223,10.2
26117,6.0,7559,12.4
26119,9.0,1321,14.4
26121,3.0,22745,13.5
26123,2.0,7576,15.7
26125,1.0,96558,7.8
26127,8.0,3880,14.8
26129,9.0,3768,18.2
26131,9.0,755,13.3
26133,7.0,3376,14.6
26135,9.0,1258,15.4
26137,7.0,2429,10.0
26139,3.0,22048,7.8
26141,7.0,1344,10.8
26143,7.0,3636,15.3
26145,3.0,34239,18.6
26147,1.0,16375,10.4
26149,4.0,7779,12.9
26151,6.0,5528,13.6
26153,7.0,1138,14.3
26155,4.0,7344,10.9
26157,6.0,5948,11.6
26159,2.0,9697,13.0
26161,2.0,44991,13.0
26163,1.0,341821,19.8
26165,7.0,4118,12.4
27001,8.0,1947,12.5
27003,1.0,21793,6.2
27005,6.0,3447,10.2
27007,7.0,7357,16.3
27009,3.0,3465,8.6
27011,9.0,533,11.0
27013,5.0,9729,15.2
27015,7.0,1763,7.4
27017,2.0,3114,9.1
27019,1.0,4492,4.3
27021,9.0,3359,11.4
27023,7.0,1210,10.4
27025,1.0,3403,6.2
27027,3.0,7283,11.9
27029,8.0,1002,11.5
27031,9.0,484,8.9
27033,7.0,1182,10.8
27035,5.0,6749,10.5
27037,1.0,26714,6.3
27039,3.0,1159,5.6
27041,7.0,2375,6.3
27043,7.0,1615,12.2
27045,8.0,1940,9.4
27047,7.0,2858,9.6
27049,4.0,3248,7.1
27051,9.0,519,8.8
27053,1.0,120032,9.7
27055,3.0,1430,7.8
27057,7.0,2386,11.2
27059,1.0,2761,6.9
27061,6.0,4946,11.2
27063,7.0,953,9.8
27065,6.0,1632,10.1
27067,4.0,4136,9.8
27069,9.0,386,9.2
27071,7.0,1559,13.0
27073,9.0,614,9.5
27075,6.0,945,9.0
27077,9.0,337,9.2
27079,6.0,2027,7.1
27081,9.0,556,10.1
27083,7.0,2609,10.6
27085,6.0,2224,6.3
27087,8.0,1158,21.3
27089,8.0,691,7.5
27091,7.0,2041,10.5
27093,6.0,1807,7.9
27095,6.0,2914,11.4
27097,6.0,2944,8.9
27099,4.0,4539,11.5
27101,9.0,682,8.5
27103,5.0,3146,9.9
27105,7.0,2334,11.0
27107,8.0,647,10.4
27109,3.0,10482,6.7
27111,6.0,6331,11.0
27113,6.0,1342,9.8
27115,6.0,3219,11.6
27117,6.0,986,11.1
27119,3.0,3266,10.8
27121,8.0,982,8.9
27123,1.0,66340,12.4
27125,8.0,397,9.9
27127,7.0,1433,9.7
27129,9.0,1418,10.0
27131,4.0,4919,8.2
27133,6.0,785,8.7
27135,7.0,902,6.0
27137,2.0,24428,12.8
27139,1.0,6157,4.2
27141,1.0,5170,5.5
27143,8.0,1574,10.7
27145,3.0,17305,11.2
27147,5.0,2262,6.3
27149,7.0,1061,11.9
27151,7.0,864,9.5
27153,6.0,2874,11.8
27155,9.0,374,11.9
27157,3.0,1803,8.4
27159,7.0,1658,12.5
27161,7.0,1569,8.9
27163,1.0,11924,4.6
27165,7.0,1081,10.1
27167,6.0,551,9.1
27169,4.0,5165,11.0
27171,1.0,7079,5.2
27173,9.0,910,9.6
28001,5.0,7891,27.9
28003,7.0,6251,17.3
28005,8.0,2537,20.9
28007,6.0,4290,24.1
28009,8.0,1685,20.7
28011,5.0,10665,36.6
28013,7.0,2428,17.2
28015,9.0,1641,17.2
28017,7.0,3755,22.7
28019,9.0,1693,20.9
28021,6.0,2875,37.5
28023,9.0,3573,23.2
28025,7.0,5635,29.7
28027,5.0,8210,38.2
28029,2.0,6082,22.1
28031,8.0,3897,21.3
28033,1.0,17313,9.4
28035,3.0,16776,23.3
28037,9.0,1496,19.6
28039,3.0,3961,16.6
28041,8.0,2389,21.8
28043,7.0,4162,20.3
28045,3.0,7869,16.7
28047,3.0,35341,17.5
28049,2.0,44973,20.1
28051,6.0,5447,33.8
28053,7.0,2949,37.1
28055,9.0,353,35.8
28057,7.0,2868,12.8
28059,3.0,21371,15.1
28061,9.0,3333,20.5
28063,7.0,1910,28.9
28065,8.0,2676,24.3
28067,4.0,15816,23.8
28069,9.0,2430,28.0
28071,6.0,8642,17.5
28073,3.0,10059,16.0
28075,5.0,15208,21.5
28077,8.0,2466,19.7
28079,6.0,5007,23.8
28081,5.0,12271,14.6
28083,5.0,9631,35.7
28085,6.0,6564,19.6
28087,5.0,9836,17.2
28089,2.0,10541,10.1
28091,6.0,5661,23.8
28093,1.0,6777,20.3
28095,7.0,6211,17.9
28097,7.0,2285,23.7
28099,7.0,6228,21.7
28101,7.0,4163,20.3
28103,7.0,2989,29.2
28105,5.0,14067,31.1
28107,6.0,7738,22.8
28109,6.0,9767,18.1
28111,3.0,2358,19.9
28113,7.0,10040,26.2
28115,7.0,5041,15.9
28117,7.0,3814,15.7
28119,6.0,2322,35.0
28121,2.0,16526,11.1
28123,6.0,5485,19.7
28125,9.0,1415,33.4
28127,2.0,4656,17.8
28129,8.0,2988,18.9
28131,3.0,3144,18.5
28133,5.0,7156,34.0
28135,7.0,4304,37.9
28137,1.0,4114,15.1
28139,7.0,3500,16.2
28141,8.0,3242,17.0
28143,1.0,2666,28.1
28145,7.0,3694,13.0
28147,9.0,3063,21.7
28149,4.0,9016,20.1
28151,5.0,14550,33.7
28153,7.0,4447,22.2
28155,9.0,1631,17.0
28157,8.0,2340,31.2
28159,7.0,4441,25.4
28161,7.0,2906,24.4
28163,6.0,8253,36.4
29001,7.0,4308,19.2
29003,3.0,1559,8.9
29005,9.0,648,12.9
29007,6.0,3797,16.3
29009,6.0,6569,18.6
29011,6.0,1737,15.0
29013,1.0,2674,16.9
29015,9.0,3208,16.7
29017,9.0,1734,14.5
29019,3.0,29399,17.2
29021,3.0,13094,15.8
29023,7.0,9362,22.5
29025,1.0,1197,13.6
29027,3.0,4735,11.6
29029,7.0,6149,13.5
29031,5.0,10909,14.6
29033,6.0,1183,13.8
29035,9.0,1176,19.8
29037,1.0,8226,7.9
29039,6.0,2529,17.9
29041,9.0,901,12.5
29043,2.0,9091,10.4
29045,9.0,943,14.2
29047,1.0,22470,9.1
29049,1.0,1968,9.9
29051,3.0,7628,10.6
29053,6.0,1896,11.8
29055,6.0,3656,15.6
29057,8.0,1180,15.9
29059,2.0,2954,17.8
29061,8.0,1425,17.6
29063,3.0,1329,14.6
29065,7.0,2917,19.0
29067,6.0,2434,18.7
29069,7.0,7569,26.7
29071,1.0,9546,9.3
29073,6.0,1671,11.6
29075,8.0,740,11.5
29077,2.0,40634,14.4
29079,7.0,1774,18.7
29081,7.0,1266,15.4
29083,6.0,3729,17.3
29085,8.0,1712,18.2
29087,8.0,508,11.8
29089,3.0,1205,13.0
29091,7.0,8213,20.8
29093,6.0,2046,20.8
29095,1.0,94823,13.7
29097,3.0,22258,18.8
29099,1.0,18767,8.4
29101,4.0,5724,11.4
29103,9.0,645,16.7
29105,6.0,5544,15.8
29107,1.0,3430,10.7
29109,6.0,6046,16.1
29111,9.0,1503,16.6
29113,1.0,5456,9.4
29115,7.0,2207,18.9
29117,6.0,1984,15.0
29119,2.0,4173,18.5
29121,7.0,1842,12.5
29123,7.0,1982,16.7
29125,8.0,1229,14.3
29127,5.0,3776,13.9
29129,9.0,453,12.7
29131,6.0,3818,15.1
29133,7.0,3130,27.7
29135,3.0,1617,11.0
29137,9.0,1143,13.4
29139,8.0,1482,13.3
29141,8.0,3594,17.8
29143,7.0,3758,22.5
29145,3.0,7511,13.2
29147,6.0,3302,17.8
29149,9.0,2132,20.6
29151,3.0,1199,9.1
29153,9.0,2056,22.7
29155,7.0,4178,26.9
29157,7.0,1710,9.1
29159,4.0,5349,12.9
29161,5.0,7069,17.0
29163,6.0,2802,17.6
29165,1.0,5451,5.3
29167,2.0,6005,19.6
29169,5.0,6185,14.6
29171,9.0,725,15.7
29173,9.0,1026,10.0
29175,6.0,3710,16.5
29177,1.0,2076,9.2
29179,9.0,1333,21.7
29181,9.0,2581,19.7
29183,1.0,18379,4.6
29185,8.0,1771,19.3
29186,6.0,1698,9.7
29187,4.0,10201,17.0
29189,1.0,90474,9.3
29195,6.0,3357,15.7
29197,9.0,953,20.8
29199,9.0,688,14.4
29201,5.0,6730,17.9
29203,9.0,1827,22.6
29205,9.0,906,15.8
29207,7.0,5249,18.4
29209,8.0,4873,15.4
29211,9.0,935,15.6
29213,6.0,6818,12.6
29215,9.0,4923,21.0
29217,7.0,3367,17.1
29219,1.0,3521,10.0
29221,1.0,5269,22.4
29223,9.0,2620,20.6
29225,2.0,6236,16.2
29227,9.0,292,14.9
29229,6.0,3534,19.6
29510,1.0,59238,20.4
30001,7.0,1302,14.5
30003,6.0,3430,26.1
30005,9.0,1401,21.3
30007,9.0,556,9.0
30009,3.0,1078,10.1
30011,9.0,175,14.2
30013,3.0,11259,14.2
30015,8.0,857,15.4
30017,7.0,1427,13.0
30019,9.0,180,11.0
30021,7.0,955,11.8
30023,7.0,1350,15.9
30025,9.0,272,9.7
30027,7.0,1418,13.2
30029,5.0,9689,9.4
30031,5.0,11486,10.3
30033,9.0,206,16.4
30035,7.0,3449,25.7
30037,8.0,155,19.7
30039,8.0,417,12.5
30041,7.0,2517,15.7
30043,9.0,967,8.0
30045,8.0,290,14.5
30047,6.0,5181,17.2
30049,5.0,6393,9.4
30051,9.0,425,19.0
30053,7.0,3440,17.4
30055,9.0,238,14.5
30057,9.0,823,9.7
30059,9.0,282,15.7
30061,8.0,681,15.6
30063,3.0,13748,11.8
30065,8.0,758,16.5
30067,7.0,1940,11.8
30069,9.0,72,14.8
30071,9.0,557,14.3
30073,7.0,995,17.5
30075,9.0,227,13.8
30077,7.0,846,16.3
30079,9.0,138,13.1
30081,6.0,4859,11.2
30083,7.0,945,8.8
30085,7.0,2617,24.3
30087,9.0,1437,16.3
30089,8.0,1994,16.7
30091,9.0,399,12.3
30093,5.0,5175,15.3
30095,8.0,887,9.3
30097,9.0,380,10.3
30099,8.0,799,13.5
30101,7.0,650,15.8
30103,8.0,85,12.2
30105,7.0,932,12.8
30107,9.0,377,18.3
30109,9.0,106,11.3
30111,3.0,17752,11.3
31001,5.0,3181,10.6
31003,9.0,761,12.2
31005,9.0,63,13.6
31007,9.0,84,11.3
31009,9.0,74,15.9
31011,9.0,509,10.0
31013,7.0,1096,10.3
31015,9.0,263,14.1
31017,9.0,337,11.6
31019,5.0,5480,11.6
31021,8.0,636,10.1
31023,6.0,644,8.2
31025,2.0,1361,5.3
31027,9.0,707,8.6
31029,9.0,348,9.1
31031,7.0,601,10.7
31033,7.0,884,10.1
31035,9.0,647,10.6
31037,7.0,868,8.2
31039,7.0,774,8.9
31041,7.0,1252,11.8
31043,3.0,2083,10.6
31045,7.0,1280,16.4
31047,7.0,2762,11.9
31049,9.0,201,11.2
31051,3.0,480,8.7
31053,4.0,3349,9.5
31055,2.0,57105,10.2
31057,9.0,223,13.4
31059,9.0,448,8.5
31061,9.0,421,14.3
31063,9.0,321,12.9
31065,9.0,557,12.2
31067,6.0,2363,11.2
31069,9.0,272,15.0
31071,9.0,231,12.1
31073,9.0,172,8.9
31075,9.0,60,9.6
31077,9.0,286,12.5
31079,5.0,6123,10.2
31081,7.0,593,6.5
31083,9.0,366,11.0
31085,9.0,138,15.0
31087,9.0,309,11.3
31089,7.0,1098,11.1
31091,9.0,54,8.2
31093,9.0,641,10.1
31095,7.0,655,9.5
31097,8.0,448,11.2
31099,7.0,488,7.7
31101,7.0,885,11.1
31103,9.0,152,18.9
31105,6.0,433,12.2
31107,9.0,986,12.2
31109,2.0,32535,10.7
31111,5.0,3682,10.8
31113,9.0,66,8.9
31115,9.0,100,15.2
31117,9.0,62,12.6
31119,5.0,3446,10.2
31121,7.0,832,11.0
31123,9.0,598,13.2
31125,9.0,351,10.3
31127,7.0,768,11.8
31129,9.0,458,11.2
31131,6.0,1304,8.3
31133,9.0,334,13.1
31135,9.0,269,9.5
31137,7.0,873,10.0
31139,9.0,655,9.3
31141,5.0,2960,9.0
31143,9.0,354,6.9
31145,7.0,1231,12.0
31147,7.0,946,12.3
31149,9.0,184,13.9
31151,6.0,1212,9.2
31153,2.0,10930,5.9
31155,2.0,1462,6.9
31157,5.0,4494,13.0
31159,2.0,1138,7.2
31161,9.0,738,14.5
31163,9.0,362,12.4
31165,9.0,185,15.9
31167,9.0,410,7.0
31169,9.0,527,10.8
31171,9.0,100,13.9
31173,8.0,1769,24.9
31175,9.0,425,10.4
31177,2.0,1386,6.8
31179,6.0,987,11.8
31181,9.0,414,12.3
31183,9.0,96,12.3
31185,7.0,1205,9.4
32001,6.0,2871,11.7
32003,1.0,296767,13.3
32005,4.0,3930,8.1
32007,5.0,5714,11.0
32009,9.0,120,13.8
32011,9.0,201,9.9
32013,7.0,1829,11.0
32015,7.0,602,10.9
32017,8.0,674,13.8
32019,6.0,5831,10.2
32021,7.0,708,15.9
32023,6.0,7317,16.1
32027,8.0,864,17.6
32029,2.0,290,7.0
32031,2.0,49598,10.7
32033,7.0,1126,13.7
32510,3.0,6458,12.2
33001,4.0,5139,8.6
33003,8.0,4370,9.0
33005,4.0,6977,9.7
33007,7.0,4062,13.9
33009,5.0,7601,9.2
33011,2.0,30494,7.5
33013,4.0,9194,6.4
33015,1.0,15522,5.1
33017,1.0,10645,8.8
33019,7.0,4305,10.1
34001,2.0,29057,11.3
34003,1.0,52980,5.7
34005,1.0,24961,5.7
34007,1.0,53641,10.7
34009,3.0,8853,9.8
34011,3.0,19261,13.8
34013,1.0,107745,13.8
34015,1.0,21602,7.5
34017,1.0,90976,13.7
34019,1.0,4794,4.0
34021,2.0,41600,11.9
34023,1.0,68514,8.5
34025,1.0,37725,6.2
34027,1.0,25678,5.3
34029,1.0,53950,9.0
34031,1.0,65342,13.3
34033,1.0,7000,11.4
34035,1.0,17409,5.4
34037,1.0,7180,5.2
34039,1.0,50094,9.1
34041,2.0,7313,7.1
35001,2.0,103458,15.5
35003,9.0,723,20.6
35005,5.0,11376,18.1
35006,6.0,6137,25.5
35007,7.0,1961,17.0
35009,5.0,8868,18.7
35011,9.0,323,18.6
35013,3.0,50726,23.8
35015,5.0,6474,11.2
35017,7.0,4772,18.1
35019,7.0,874,23.5
35021,9.0,96,15.4
35023,7.0,942,22.9
35025,5.0,10399,15.1
35027,7.0,2657,13.7
35028,6.0,683,3.5
35029,6.0,5488,23.8
35031,4.0,21294,30.1
35033,8.0,956,21.2
35035,4.0,13054,20.1
35037,7.0,1781,21.7
35039,6.0,8542,22.2
35041,7.0,3257,18.8
35043,2.0,14627,10.0
35045,3.0,24358,19.9
35047,6.0,6239,23.8
35049,3.0,18378,12.4
35051,6.0,2899,27.6
35053,6.0,4171,26.0
35055,7.0,5922,18.2
35057,2.0,3198,21.6
35059,9.0,684,20.3
35061,2.0,13210,17.6
36001,2.0,33970,11.7
36003,7.0,7491,17.9
36005,1.0,361834,26.2
36007,2.0,31962,17.8
36009,4.0,10821,14.7
36011,4.0,10058,13.8
36013,4.0,19896,16.3
36015,3.0,11221,14.1
36017,6.0,6368,13.7
36019,5.0,10950,14.8
36021,6.0,5883,10.1
36023,4.0,7542,17.3
36025,6.0,5290,12.6
36027,2.0,23693,8.6
36029,1.0,118386,13.3
36031,6.0,4338,12.4
36033,5.0,8017,18.1
36035,4.0,8533,16.4
36037,4.0,5825,10.5
36039,6.0,5589,12.6
36041,8.0,433,9.8
36043,2.0,8235,13.7
36045,4.0,15168,14.6
36047,1.0,446923,17.7
36049,6.0,3208,12.4
36051,1.0,7916,13.8
36053,2.0,6488,9.8
36055,1.0,90791,12.7
36057,4.0,7652,15.9
36059,1.0,74435,5.6
36061,1.0,222672,14.1
36063,1.0,25407,12.4
36065,2.0,31586,14.6
36067,2.0,61412,13.8
36069,1.0,8645,8.1
36071,2.0,46013,12.3
36073,1.0,5020,13.2
36075,2.0,17530,15.6
36077,6.0,8809,16.2
36079,1.0,5016,5.2
36081,1.0,245941,11.0
36083,2.0,17506,11.5
36085,1.0,42807,9.1
36087,1.0,40031,12.5
36089,5.0,18348,18.9
36091,2.0,13482,6.0
36093,2.0,18363,12.1
36095,2.0,3600,12.1
36097,6.0,2763,15.7
36099,6.0,4302,13.7
36101,4.0,14089,15.0
36103,1.0,97920,6.8
36105,4.0,11745,16.1
36107,2.0,4485,9.4
36109,3.0,15079,16.9
36111,3.0,20451,12.0
36113,3.0,6399,10.1
36115,3.0,6917,11.9
36117,1.0,10093,11.4
36119,1.0,79545,8.4
36121,6.0,3598,9.9
36123,6.0,3271,13.9
37001,3.0,23890,14.6
37003,2.0,4193,11.7
37005,9.0,1862,16.9
37007,1.0,4861,21.4
37009,9.0,3946,14.6
37011,8.0,2481,16.4
37013,6.0,8164,17.6
37015,9.0,4256,24.2
37017,6.0,6876,21.2
37019,2.0,14423,10.2
37021,2.0,31045,12.2
37023,2.0,16123,18.4
37025,1.0,16932,7.9
37027,2.0,9728,12.0
37029,8.0,819,7.6
37031,4.0,7102,10.4
37033,8.0,3438,16.2
37035,2.0,20898,13.3
37037,2.0,6400,8.7
37039,9.0,4997,17.7
37041,7.0,2528,18.5
37043,9.0,1554,14.0
37045,4.0,18230,19.0
37047,6.0,11654,22.3
37049,5.0,13385,13.8
37051,2.0,57342,18.0
37053,1.0,2419,8.8
37055,5.0,3284,8.9
37057,4.0,25099,15.2
37059,2.0,4632,10.9
37061,6.0,10288,17.7
37063,2.0,43009,14.0
37065,3.0,10625,21.0
37067,2.0,56484,15.2
37069,2.0,7908,11.6
37071,1.0,25710,11.6
37073,8.0,1680,14.7
37075,9.0,1391,16.8
37077,6.0,8313,14.6
37079,3.0,3715,20.2
37081,2.0,83004,16.0
37083,4.0,11533,23.8
37085,4.0,20597,15.6
37087,2.0,6536,10.6
37089,2.0,12349,10.6
37091,7.0,4829,23.0
37093,2.0,9149,16.9
37095,9.0,853,19.2
37097,4.0,14812,8.2
37099,6.0,7661,19.3
37101,2.0,25901,12.5
37103,8.0,1747,18.8
37105,4.0,8634,14.2
37107,4.0,12750,23.1
37109,4.0,7682,9.0
37111,6.0,6048,13.6
37113,7.0,5093,14.3
37115,2.0,3020,14.6
37117,6.0,4589,20.6
37119,1.0,112863,10.3
37121,9.0,2180,14.8
37123,6.0,4218,16.1
37125,4.0,11254,11.3
37127,3.0,15065,16.4
37129,2.0,29519,13.0
37131,9.0,4042,21.6
37133,3.0,22029,12.5
37135,2.0,18446,13.4
37137,9.0,1899,15.9
37139,7.0,5386,14.3
37141,2.0,7117,11.5
37143,9.0,2007,15.0
37145,2.0,5998,15.4
37147,3.0,33512,19.2
37149,8.0,2476,12.1
37151,2.0,19996,14.1
37153,4.0,11234,25.8
37155,4.0,39748,31.5
37157,2.0,16504,18.4
37159,4.0,19063,13.9
37161,4.0,12158,18.5
37163,6.0,10471,16.8
37165,6.0,9168,28.5
37167,6.0,6470,10.7
37169,2.0,5844,13.0
37171,4.0,11338,16.0
37173,8.0,2253,16.1
37175,6.0,4388,13.1
37177,9.0,861,25.4
37179,1.0,17281,7.3
37181,4.0,8143,18.5
37183,2.0,87375,8.0
37185,8.0,4083,21.7
37187,7.0,2438,21.3
37189,6.0,10793,21.4
37191,3.0,22456,18.6
37193,6.0,10228,15.2
37195,4.0,17258,21.5
37197,2.0,5189,13.9
37199,8.0,2537,14.2
38001,9.0,232,10.7
38003,6.0,977,9.9
38005,9.0,1578,23.3
38007,9.0,90,9.7
38009,9.0,586,9.7
38011,9.0,238,8.0
38013,9.0,185,8.8
38015,3.0,6304,6.9
38017,3.0,20189,11.4
38019,9.0,336,9.1
38021,9.0,494,10.6
38023,9.0,239,10.8
38025,9.0,428,9.8
38027,9.0,222,10.0
38029,8.0,434,13.7
38031,9.0,276,8.8
38033,9.0,206,12.1
38035,3.0,8769,13.2
38037,8.0,337,14.9
38039,9.0,207,9.5
38041,9.0,290,12.5
38043,8.0,348,14.1
38045,9.0,485,12.2
38047,9.0,237,13.2
38049,9.0,685,12.1
38051,9.0,335,13.9
38053,9.0,1107,7.4
38055,8.0,876,9.4
38057,6.0,624,7.7
38059,3.0,2416,7.9
38061,9.0,1000,9.5
38063,8.0,315,11.2
38065,8.0,207,10.6
38067,9.0,583,8.8
38069,7.0,434,11.6
38071,7.0,1361,12.3
38073,8.0,438,8.7
38075,9.0,202,8.9
38077,6.0,1904,12.4
38079,9.0,3632,25.9
38081,9.0,290,7.5
38083,9.0,219,16.7
38085,8.0,1333,32.1
38087,9.0,101,13.5
38089,7.0,2622,8.5
38091,8.0,139,7.4
38093,7.0,2064,10.8
38095,9.0,231,10.7
38097,8.0,618,8.0
38099,6.0,1221,11.7
38101,5.0,5859,9.0
38103,9.0,464,12.4
38105,7.0,2366,6.4
39001,6.0,5200,19.1
39003,3.0,12452,12.9
39005,4.0,6407,12.6
39007,4.0,17508,18.7
39009,4.0,14839,26.6
39011,4.0,3297,7.3
39013,3.0,7355,11.6
39015,1.0,5162,12.1
39017,1.0,43439,11.7
39019,2.0,2992,11.3
39021,6.0,2941,7.7
39023,3.0,18960,14.6
39025,1.0,16710,8.2
39027,6.0,6041,14.8
39029,4.0,12955,13.2
39031,6.0,4517,12.5
39033,4.0,6000,14.7
39035,1.0,195758,16.2
39037,6.0,6115,12.1
39039,4.0,3264,8.8
39041,1.0,9863,4.8
39043,3.0,8414,11.6
39045,1.0,12549,8.1
39047,6.0,3777,13.6
39049,1.0,172890,13.5
39051,2.0,2889,6.9
39053,6.0,4790,16.5
39055,1.0,5083,5.5
39057,2.0,15932,9.9
39059,6.0,5946,15.5
39061,1.0,116077,14.6
39063,4.0,6877,9.3
39065,6.0,4078,13.9
39067,6.0,2133,14.5
39069,6.0,2000,7.5
39071,6.0,6643,15.6
39073,6.0,4177,15.0
39075,7.0,3952,9.2
39077,4.0,5719,10.0
39079,7.0,5491,17.2
39081,3.0,10733,17.1
39083,4.0,6664,11.3
39085,1.0,18914,8.3
39087,2.0,9482,16.2
39089,1.0,16038,9.3
39091,4.0,4751,10.5
39093,1.0,41735,13.9
39095,2.0,75402,18.0
39097,1.0,3808,9.6
39099,2.0,40346,18.4
39101,4.0,8736,14.8
39103,1.0,9739,5.5
39105,6.0,3570,15.8
39107,7.0,2710,6.7
39109,2.0,9324,8.8
39111,8.0,1881,14.0
39113,2.0,78917,15.3
39115,6.0,2236,15.7
39117,1.0,2967,8.5
39119,4.0,12866,15.3
39121,6.0,1657,14.2
39123,2.0,3215,8.1
39125,6.0,1816,9.8
39127,6.0,5333,15.0
39129,1.0,6177,11.5
39131,7.0,5191,19.1
39133,2.0,18371,11.9
39135,2.0,3602,8.9
39137,6.0,2397,7.2
39139,3.0,15313,13.5
39141,4.0,10803,15.2
39143,4.0,5489,9.6
39145,4.0,15739,21.9
39147,4.0,6338,12.1
39149,4.0,4374,9.1
39151,2.0,46938,13.0
39153,2.0,75226,14.2
39155,2.0,29809,15.4
39157,4.0,10162,11.2
39159,1.0,3033,5.4
39161,6.0,2359,8.5
39163,9.0,2417,18.7
39165,1.0,10308,4.5
39167,3.0,6395,11.0
39169,4.0,11062,9.9
39171,7.0,3324,9.3
39173,2.0,13819,11.2
39175,7.0,1609,7.5
40001,6.0,5192,23.6
40003,9.0,735,15.8
40005,7.0,2493,19.2
40007,9.0,557,10.6
40009,7.0,4131,20.8
40011,6.0,1387,14.9
40013,6.0,8070,17.3
40015,6.0,5502,20.6
40017,1.0,11747,8.1
40019,5.0,6760,14.3
40021,6.0,10049,21.4
40023,7.0,3247,22.5
40025,9.0,379,17.8
40027,1.0,31942,11.7
40029,9.0,978,18.1
40031,3.0,19406,17.6
40033,6.0,1042,18.6
40035,6.0,2434,18.2
40037,2.0,9655,13.7
40039,7.0,4327,15.8
40041,6.0,7437,17.5
40043,9.0,553,11.6
40045,9.0,494,13.0
40047,5.0,7520,12.7
40049,6.0,4267,15.6
40051,1.0,6604,12.1
40053,9.0,474,11.2
40055,7.0,1102,24.1
40057,9.0,604,23.7
40059,9.0,403,11.1
40061,6.0,2525,20.2
40063,7.0,2511,21.4
40065,5.0,4113,17.3
40067,8.0,1218,20.8
40069,7.0,2261,21.0
40071,5.0,6812,16.1
40073,6.0,1389,8.9
40075,6.0,1864,21.9
40077,7.0,1753,18.5
40079,2.0,9848,20.5
40081,1.0,4799,13.9
40083,1.0,5729,12.4
40085,9.0,1356,13.4
40087,1.0,2869,7.1
40089,7.0,7079,21.9
40091,6.0,3801,19.7
40093,9.0,1005,13.4
40095,6.0,3030,18.2
40097,6.0,7166,17.7
40099,7.0,2049,14.9
40101,4.0,14622,22.7
40103,6.0,1346,12.3
40105,6.0,1484,15.0
40107,6.0,3010,27.4
40109,1.0,116741,14.9
40111,2.0,6916,18.7
40113,2.0,6758,14.9
40115,6.0,5569,18.5
40117,2.0,2449,15.2
40119,4.0,16969,23.0
40121,5.0,8136,19.7
40123,7.0,5087,13.9
40125,4.0,10272,14.8
40127,9.0,2613,23.9
40129,9.0,478,13.4
40131,2.0,9458,10.4
40133,7.0,5192,22.0
40135,2.0,8864,21.6
40137,4.0,6272,14.8
40139,7.0,2844,14.7
40141,6.0,1420,20.4
40143,2.0,91457,14.3
40145,2.0,6639,8.2
40147,4.0,6540,12.9
40149,7.0,1343,12.6
40151,7.0,1179,15.2
40153,7.0,2306,12.2
41001,7.0,2139,13.6
41003,3.0,14418,16.5
41005,1.0,29818,7.2
41007,4.0,4779,12.0
41009,1.0,4444,8.6
41011,5.0,9867,15.6
41013,6.0,2627,10.9
41015,7.0,3054,13.4
41017,3.0,18047,9.2
41019,4.0,12949,11.8
41021,9.0,204,10.9
41023,9.0,1088,15.3
41025,7.0,1031,14.2
41027,6.0,1943,8.4
41029,3.0,29613,13.6
41031,6.0,3546,15.0
41033,4.0,13663,15.9
41035,5.0,11225,16.7
41037,7.0,1259,17.0
41039,2.0,52146,13.9
41041,4.0,7208,14.6
41043,4.0,16161,12.6
41045,6.0,5732,21.0
41047,2.0,41154,12.2
41049,6.0,1465,12.7
41051,1.0,95902,12.0
41053,2.0,7949,9.4
41055,9.0,222,12.5
41057,6.0,3182,12.0
41059,5.0,10260,13.9
41061,7.0,3513,13.6
41063,9.0,875,12.3
41065,6.0,3174,12.2
41067,1.0,48575,8.2
41069,9.0,231,17.7
41071,1.0,10838,10.6
42001,4.0,7548,7.6
42003,1.0,127238,10.8
42005,1.0,7076,11.1
42007,1.0,18879,11.7
42009,6.0,4928,10.4
42011,2.0,41916,10.2
42013,3.0,17657,14.9
42015,6.0,8527,14.3
42017,1.0,35075,5.7
42019,1.0,14280,7.8
42021,3.0,18583,14.9
42023,7.0,613,14.0
42025,2.0,6198,9.8
42027,3.0,22610,15.9
42029,1.0,30184,5.9
42031,6.0,5162,14.1
42033,4.0,10064,13.7
42035,6.0,4898,13.4
42037,4.0,8996,14.7
42039,4.0,10129,12.6
42041,2.0,17269,7.2
42043,2.0,30942,11.3
42045,1.0,54091,9.9
42047,7.0,2902,9.8
42049,2.0,42666,16.6
42051,1.0,21995,17.5
42053,9.0,1196,26.0
42055,4.0,12313,8.1
42057,8.0,1749,12.2
42059,6.0,4708,14.2
42061,6.0,5212,13.0
42063,4.0,11048,14.0
42065,7.0,6962,16.4
42067,6.0,2538,10.4
42069,2.0,28812,14.2
42071,2.0,55968,10.5
42073,4.0,10271,12.3
42075,3.0,14381,10.4
42077,2.0,41397,11.5
42079,2.0,46326,15.2
42081,3.0,14642,13.6
42083,7.0,5487,14.6
42085,2.0,13469,13.1
42087,4.0,6036,13.3
42089,4.0,20201,12.2
42091,1.0,48819,6.0
42093,6.0,1598,9.1
42095,2.0,23228,7.9
42097,4.0,11561,13.3
42099,2.0,4066,8.9
42101,1.0,352748,23.0
42103,1.0,5054,9.2
42105,9.0,1904,11.7
42107,4.0,15767,11.7
42109,7.0,3881,10.3
42111,4.0,8552,12.5
42113,8.0,762,12.9
42115,6.0,4507,11.3
42117,6.0,5254,13.4
42119,4.0,4334,12.0
42121,4.0,6213,12.5
42123,6.0,5153,13.5
42125,1.0,19860,9.9
42127,6.0,5867,12.4
42129,1.0,35870,10.5
42131,2.0,2573,9.9
42133,2.0,40477,9.2
44001,1.0,3110,6.8
44003,1.0,13152,8.1
44005,1.0,6666,8.5
44007,1.0,85644,14.0
44009,1.0,9524,8.0
45001,6.0,3508,14.8
45003,2.0,21071,12.5
45005,6.0,2313,30.2
45007,3.0,25717,12.9
45009,7.0,3226,24.2
45011,6.0,5115,24.9
45013,5.0,18979,10.2
45015,2.0,23953,10.7
45017,2.0,2613,18.2
45019,2.0,46853,11.7
45021,4.0,8951,16.0
45023,6.0,5651,17.7
45025,6.0,8937,19.9
45027,6.0,8053,25.1
45029,6.0,7823,21.0
45031,3.0,12767,19.6
45033,6.0,8022,26.8
45035,2.0,14871,9.3
45037,2.0,3839,15.7
45039,2.0,4198,19.1
45041,3.0,22950,17.0
45043,4.0,10842,17.5
45045,2.0,54815,10.7
45047,4.0,12277,18.0
45049,6.0,4136,23.2
45051,3.0,44197,12.7
45053,6.0,4941,17.2
45055,2.0,9088,13.8
45057,4.0,11258,11.8
45059,2.0,12447,19.1
45061,6.0,3890,25.4
45063,2.0,35210,11.9
45065,8.0,1533,18.1
45067,6.0,7562,24.9
45069,6.0,6750,28.9
45071,6.0,5198,14.0
45073,6.0,10268,13.1
45075,4.0,21821,26.3
45077,2.0,18055,15.3
45079,2.0,62567,16.2
45081,2.0,3247,16.1
45083,2.0,40129,12.9
45085,3.0,18444,17.8
45087,6.0,5347,19.9
45089,6.0,8148,27.8
45091,1.0,23679,8.6
46003,9.0,271,10.2
46005,7.0,2317,12.9
46007,9.0,1051,31.6
46009,9.0,767,14.1
46011,7.0,3767,11.9
46013,5.0,3526,9.4
46015,9.0,654,12.6
46017,9.0,775,39.8
46019,6.0,1326,12.9
46021,9.0,143,10.5
46023,9.0,1873,21.2
46025,9.0,421,12.1
46027,6.0,2264,19.0
46029,7.0,2691,9.7
46031,9.0,1640,40.3
46033,8.0,834,9.6
46035,7.0,2227,11.7
46037,9.0,698,13.2
46039,9.0,372,8.7
46041,9.0,1615,27.6
46043,9.0,312,11.2
46045,9.0,388,10.7
46047,7.0,901,13.9
46049,9.0,329,15.7
46051,7.0,640,9.1
46053,9.0,637,15.5
46055,8.0,212,11.4
46057,9.0,531,8.9
46059,9.0,322,10.3
46061,8.0,260,7.9
46063,9.0,151,11.9
46065,7.0,1491,8.9
46067,8.0,708,10.5
46069,9.0,145,11.5
46071,8.0,988,29.9
46073,9.0,310,16.3
46075,9.0,116,12.9
46077,9.0,409,8.5
46079,6.0,1150,9.5
46081,6.0,3105,12.4
46083,3.0,2312,3.8
46085,9.0,786,21.1
46087,3.0,493,9.2
46089,9.0,428,19.5
46091,9.0,557,11.8
46093,3.0,2400,8.7
46095,9.0,668,33.3
46097,8.0,227,10.5
46099,3.0,16209,8.7
46101,8.0,564,8.7
46102,7.0,5653,40.1
46103,3.0,13383,12.0
46105,9.0,409,14.5
46107,9.0,217,10.4
46109,9.0,1993,19.6
46111,9.0,282,12.6
46115,7.0,698,11.5
46117,9.0,238,7.7
46119,9.0,114,8.2
46121,9.0,4388,43.4
46123,7.0,995,18.8
46125,3.0,827,10.1
46127,3.0,999,6.3
46129,7.0,796,15.1
46135,7.0,2088,10.1
46137,9.0,1310,47.7
47001,2.0,11559,15.3
47003,6.0,6825,13.9
47005,7.0,2792,17.6
47007,8.0,3366,27.3
47009,2.0,13649,10.5
47011,3.0,15228,14.5
47013,6.0,8565,21.9
47015,1.0,1875,13.0
47017,6.0,4456,16.8
47019,3.0,10664,19.3
47021,1.0,3849,9.6
47023,3.0,2374,14.8
47025,6.0,6021,19.7
47027,8.0,1514,20.1
47029,6.0,8117,22.8
47031,4.0,8000,14.4
47033,8.0,2213,15.8
47035,7.0,7929,13.3
47037,1.0,84547,12.6
47039,9.0,1827,16.0
47041,6.0,3624,18.0
47043,1.0,5353,10.1
47045,5.0,6298,17.3
47047,1.0,4527,11.2
47049,9.0,3799,20.9
47051,6.0,5557,13.9
47053,4.0,6834,14.3
47055,6.0,3834,13.4
47057,3.0,3939,17.1
47059,6.0,10706,15.9
47061,8.0,2810,21.4
47063,3.0,9165,14.4
47065,2.0,45523,12.7
47067,8.0,1701,26.4
47069,6.0,4070,19.2
47071,6.0,4413,17.5
47073,3.0,10113,18.1
47075,6.0,3524,20.7
47077,6.0,4370,15.8
47079,7.0,5795,18.3
47081,1.0,3830,16.3
47083,8.0,1427,17.8
47085,6.0,2388,13.1
47087,8.0,1977,17.1
47089,3.0,6622,12.5
47091,6.0,4045,25.2
47093,2.0,61334,13.4
47095,9.0,1705,35.5
47097,6.0,4503,19.3
47099,6.0,7250,16.7
47101,6.0,1827,15.2
47103,6.0,4343,12.8
47105,2.0,5182,9.7
47107,4.0,7620,14.5
47109,6.0,4287,17.0
47111,1.0,3733,15.5
47113,3.0,16421,17.6
47115,2.0,4374,15.3
47117,6.0,4431,13.1
47119,4.0,8059,8.5
47121,8.0,1972,16.1
47123,6.0,7571,16.5
47125,3.0,24633,12.0
47127,9.0,638,10.0
47129,6.0,4185,22.0
47131,7.0,4317,14.6
47133,7.0,3744,17.1
47135,8.0,1143,14.4
47137,9.0,881,17.8
47139,3.0,2518,15.3
47141,4.0,12434,16.1
47143,6.0,4953,15.4
47145,4.0,7687,14.6
47147,1.0,7424,10.5
47149,1.0,32610,10.0
47151,6.0,4770,22.0
47153,2.0,2569,17.4
47155,4.0,12541,12.9
47157,1.0,157667,17.2
47159,1.0,3042,15.3
47161,3.0,1740,12.9
47163,3.0,23452,15.1
47165,1.0,16330,8.6
47167,1.0,6316,10.5
47169,1.0,1367,15.8
47171,3.0,2762,15.8
47173,2.0,3601,18.3
47175,9.0,887,15.5
47177,6.0,6449,15.9
47179,3.0,19811,15.8
47181,8.0,2495,17.3
47183,7.0,5604,17.7
47185,7.0,4289,16.0
47187,1.0,10228,4.3
47189,1.0,10536,7.4
48001,5.0,8702,19.8
48003,6.0,1888,10.2
48005,5.0,13131,15.6
48007,2.0,4313,18.7
48009,3.0,877,10.3
48011,3.0,194,10.6
48013,1.0,7434,14.7
48015,1.0,3312,11.1
48017,7.0,1093,15.9
48019,1.0,2947,12.9
48021,1.0,12091,14.0
48023,6.0,546,15.9
48025,4.0,5938,24.0
48027,2.0,48565,13.8
48029,1.0,298018,15.2
48031,8.0,1022,8.6
48033,9.0,69,10.6
48035,6.0,2513,13.7
48037,3.0,14627,16.8
48039,1.0,31116,8.6
48041,3.0,42898,20.0
48043,7.0,1198,13.1
48045,9.0,232,15.0
48047,6.0,2082,29.6
48049,5.0,4965,13.7
48051,3.0,2506,13.8
48053,6.0,4943,10.5
48055,1.0,6044,14.4
48057,3.0,3088,14.7
48059,3.0,1675,12.1
48061,2.0,106976,25.5
48063,6.0,2151,16.6
48065,3.0,504,8.5
48067,6.0,5103,17.3
48069,6.0,1138,15.3
48071,1.0,3761,8.6
48073,6.0,8221,16.5
48075,7.0,1217,21.9
48077,3.0,1191,11.5
48079,9.0,545,19.5
48081,8.0,437,13.1
48083,6.0,1429,17.7
48085,1.0,62612,6.1
48087,9.0,566,19.8
48089,6.0,2867,13.6
48091,1.0,10407,6.7
48093,7.0,1818,13.5
48095,8.0,404,15.1
48097,6.0,5155,12.7
48099,2.0,7529,11.8
48101,9.0,264,18.9
48103,6.0,451,9.6
48105,7.0,476,13.8
48107,3.0,1247,22.1
48109,9.0,424,19.7
48111,7.0,821,11.4
48113,1.0,363567,14.0
48115,7.0,2338,20.6
48117,6.0,3104,17.0
48119,1.0,844,16.0
48121,1.0,56476,6.5
48123,6.0,3135,17.1
48125,8.0,366,19.4
48127,6.0,2537,25.3
48129,8.0,500,16.4
48131,7.0,2515,23.9
48133,6.0,2926,16.7
48135,3.0,19781,12.1
48137,9.0,399,20.7
48139,1.0,15932,8.7
48141,2.0,154504,18.8
48143,7.0,5937,15.2
48145,6.0,3314,21.6
48147,6.0,4287,13.2
48149,6.0,2710,10.9
48151,8.0,508,13.3
48153,6.0,979,17.3
48155,9.0,190,17.0
48157,1.0,53151,6.6
48159,8.0,1528,14.4
48161,7.0,2801,15.5
48163,6.0,4664,27.7
48165,7.0,2820,13.2
48167,1.0,38181,11.3
48169,6.0,1067,24.2
48171,7.0,2271,8.5
48173,8.0,111,7.9
48175,3.0,1011,13.4
48177,6.0,3325,16.2
48179,6.0,2888,14.5
48181,3.0,15459,11.6
48183,3.0,19832,16.5
48185,6.0,4119,15.9
48187,1.0,12234,7.4
48189,4.0,5483,17.9
48191,9.0,739,25.4
48193,6.0,1185,14.3
48195,7.0,622,11.7
48197,7.0,750,19.2
48199,2.0,6924,12.1
48201,1.0,701075,15.0
48203,4.0,11600,17.8
48205,9.0,383,8.6
48207,6.0,1061,20.7
48209,1.0,24895,11.2
48211,9.0,344,9.1
48213,4.0,14246,17.5
48215,2.0,231032,26.9
48217,6.0,4700,13.1
48219,6.0,3436,15.5
48221,4.0,5581,9.2
48223,6.0,5370,14.7
48225,7.0,4230,20.9
48227,5.0,5281,17.0
48229,8.0,1343,28.0
48231,1.0,14114,14.8
48233,6.0,2351,11.4
48235,3.0,114,7.4
48237,6.0,1212,15.6
48239,6.0,1996,13.8
48241,6.0,6747,19.5
48243,9.0,278,12.7
48245,2.0,39998,16.9
48247,6.0,1181,22.8
48249,4.0,8385,21.0
48251,1.0,19035,11.0
48253,3.0,3032,20.4
48255,6.0,2644,21.0
48257,1.0,13108,9.8
48259,1.0,3468,7.4
48261,9.0,57,14.2
48263,9.0,81,11.5
48265,4.0,6310,12.5
48267,7.0,730,17.0
48269,9.0,30,11.0
48271,9.0,629,18.9
48273,4.0,6804,23.3
48275,9.0,679,19.1
48277,4.0,9050,18.4
48279,6.0,2346,18.5
48281,2.0,2627,12.4
48283,6.0,1561,26.6
48285,6.0,2163,11.0
48287,6.0,1791,10.7
48289,8.0,2494,14.4
48291,1.0,11967,14.4
48293,6.0,4190,19.2
48295,9.0,395,12.4
48297,6.0,1825,16.5
48299,7.0,2338,10.8
48301,9.0,12,7.1
48303,3.0,53478,17.9
48305,6.0,944,16.0
48307,7.0,1379,17.6
48309,3.0,44574,18.0
48311,8.0,77,10.5
48313,6.0,2090,17.8
48315,8.0,2070,21.4
48317,6.0,695,12.1
48319,9.0,500,11.7
48321,4.0,6335,17.5
48323,5.0,15491,26.9
48325,1.0,5997,12.2
48327,8.0,435,20.7
48329,3.0,17401,9.9
48331,6.0,3965,16.3
48333,9.0,623,13.2
48335,7.0,1303,19.5
48337,6.0,2517,12.9
48339,1.0,53807,8.9
48341,6.0,2463,11.9
48343,6.0,2220,18.1
48345,8.0,210,17.6
48347,5.0,12571,20.9
48349,4.0,6586,13.4
48351,8.0,2933,22.8
48353,6.0,2496,17.5
48355,2.0,58465,16.5
48357,7.0,1115,11.4
48359,8.0,245,13.1
48361,2.0,10307,12.5
48363,6.0,4960,17.2
48365,6.0,3266,14.3
48367,1.0,11524,8.2
48369,7.0,1123,11.8
48371,7.0,2562,18.7
48373,6.0,7839,16.7
48375,3.0,22514,20.3
48377,7.0,1286,19.2
48379,8.0,1667,13.4
48381,3.0,12178,9.0
48383,6.0,340,8.9
48385,9.0,597,17.7
48387,6.0,2322,19.6
48389,7.0,2833,22.1
48391,6.0,1224,18.0
48393,9.0,63,7.4
48395,3.0,3499,20.7
48397,1.0,4991,4.8
48399,6.0,1729,17.2
48401,3.0,7426,15.4
48403,9.0,1834,17.6
48405,9.0,1799,22.5
48407,1.0,4809,16.8
48409,2.0,9507,14.4
48411,7.0,1104,20.7
48413,8.0,417,15.0
48415,7.0,2217,14.7
48417,8.0,413,12.7
48419,6.0,5346,21.4
48421,9.0,331,11.1
48423,3.0,29285,12.9
48425,8.0,842,9.4
48427,4.0,20741,32.5
48429,7.0,1477,17.0
48431,8.0,134,10.7
48433,8.0,199,15.1
48435,7.0,494,13.1
48437,6.0,1393,20.6
48439,1.0,211454,10.2
48441,3.0,18724,14.0
48443,9.0,136,17.5
48445,6.0,2438,21.6
48447,9.0,209,13.9
48449,7.0,5246,16.3
48451,3.0,14713,12.9
48453,1.0,134983,10.8
48455,8.0,2597,17.9
48457,6.0,3380,17.2
48459,3.0,6124,14.9
48461,8.0,495,13.8
48463,7.0,5174,19.8
48465,5.0,9786,20.8
48467,6.0,7586,13.6
48469,3.0,12924,14.3
48471,4.0,11810,21.4
48473,1.0,6687,13.2
48475,6.0,1462,12.4
48477,6.0,3534,10.6
48479,3.0,57053,20.9
48481,4.0,6711,16.4
48483,9.0,579,11.6
48485,3.0,16584,13.9
48487,6.0,1841,14.9
48489,6.0,5482,30.5
48491,1.0,31514,5.4
48493,1.0,4172,8.3
48495,6.0,983,12.5
48497,1.0,5745,8.3
48499,6.0,6231,14.3
48501,7.0,916,10.6
48503,6.0,2405,13.6
48505,6.0,4243,30.1
48507,7.0,3374,29.6
49001,9.0,589,8.9
49003,4.0,4147,7.5
49005,3.0,16243,13.1
49007,7.0,3255,16.4
49009,8.0,64,6.7
49011,2.0,19344,5.5
49013,6.0,2787,14.2
49015,9.0,1084,10.9
49017,9.0,460,9.4
49019,7.0,1174,12.2
49021,4.0,7013,13.1
49023,2.0,1070,9.0
49025,6.0,717,9.4
49027,7.0,1542,11.8
49029,2.0,486,4.0
49031,9.0,227,15.7
49033,8.0,230,9.3
49035,2.0,103036,9.0
49037,7.0,3295,21.9
49039,6.0,3699,13.1
49041,7.0,2590,12.1
49043,2.0,1968,4.7
49045,2.0,3829,5.3
49047,7.0,3920,11.1
49049,2.0,60411,9.7
49051,6.0,1699,5.0
49053,3.0,16590,9.5
49055,9.0,319,11.8
49057,2.0,17647,6.9
50001,6.0,2690,7.9
50003,6.0,3399,10.0
50005,7.0,3561,12.3
50007,3.0,16084,10.5
50009,9.0,908,14.8
50011,3.0,4699,9.6
50013,3.0,581,8.1
50015,8.0,2231,9.1
50017,9.0,2652,9.4
50019,7.0,3333,12.7
50021,5.0,6033,10.8
50023,4.0,4673,8.4
50025,6.0,4776,11.6
50027,7.0,5005,9.2
51001,7.0,5225,16.4
51003,3.0,6882,6.7
51005,6.0,1680,11.5
51007,1.0,1211,9.3
51009,3.0,3645,12.0
51011,3.0,1991,12.6
51013,1.0,17774,7.6
51015,4.0,5260,7.3
51017,9.0,406,9.9
51019,3.0,6766,8.6
51021,8.0,749,13.4
51023,2.0,1895,5.7
51025,6.0,2935,20.9
51027,9.0,4332,21.7
51029,8.0,2516,16.8
51031,3.0,5845,10.8
51033,1.0,2883,9.6
51035,6.0,4110,13.9
51036,1.0,870,12.5
51037,8.0,2257,19.3
51041,1.0,22943,6.6
51043,1.0,911,6.3
51045,2.0,572,11.2
51047,6.0,4709,9.2
51049,1.0,1371,13.8
51051,9.0,3330,24.2
51053,1.0,2982,10.7
51057,8.0,1747,16.2
51059,1.0,68543,6.0
51061,1.0,4310,6.1
51063,8.0,1783,11.4
51065,3.0,1883,7.3
51067,2.0,6315,11.5
51069,3.0,5731,6.5
51071,3.0,1890,11.4
51073,1.0,3194,8.6
51075,1.0,1420,6.2
51077,9.0,2719,18.8
51079,3.0,1482,7.6
51081,6.0,1929,24.5
51083,6.0,5655,17.1
51085,1.0,5393,5.1
51087,1.0,28486,8.7
51089,4.0,7277,14.6
51091,9.0,271,12.4
51093,1.0,3351,9.1
51095,1.0,4366,5.8
51097,1.0,820,11.7
51099,8.0,1553,5.9
51101,1.0,1179,6.9
51103,9.0,1383,13.3
51105,8.0,5939,27.1
51107,1.0,12909,3.1
51109,1.0,3559,9.5
51111,9.0,2140,19.2
51113,8.0,1224,9.3
51115,1.0,766,8.8
51117,7.0,5137,17.3
51119,8.0,1411,13.8
51121,3.0,18158,20.5
51125,3.0,1748,11.8
51127,1.0,1131,5.0
51131,9.0,2077,18.1
51133,9.0,1533,12.7
51135,6.0,2789,21.5
51137,6.0,3534,9.7
51139,6.0,2668,11.3
51141,8.0,2674,15.5
51143,3.0,8960,15.1
51145,1.0,1547,5.4
51147,6.0,3852,20.6
51149,1.0,2842,8.3
51153,1.0,28463,6.1
51155,3.0,4796,14.6
51157,8.0,622,8.5
51159,9.0,1303,17.8
51161,2.0,5918,6.5
51163,6.0,2525,11.5
51165,3.0,6482,8.1
51167,6.0,5272,20.0
51169,3.0,3069,14.8
51171,6.0,4421,10.3
51173,6.0,4849,16.5
51175,6.0,2132,13.3
51177,1.0,8903,6.6
51179,1.0,8097,5.4
51181,1.0,761,11.9
51183,1.0,1851,21.6
51185,7.0,8417,21.7
51187,1.0,3803,9.7
51191,3.0,6396,12.3
51193,7.0,2843,15.9
51195,7.0,7039,20.4
51197,6.0,3645,12.8
51199,1.0,3441,5.1
51510,1.0,13593,8.6
51520,3.0,3604,21.8
51530,6.0,1024,17.2
51540,3.0,9965,22.1
51550,1.0,19812,8.3
51570,1.0,1613,9.4
51580,6.0,785,14.5
51590,3.0,9023,23.5
51595,6.0,1044,20.5
51600,1.0,1667,7.1
51610,1.0,512,3.5
51620,6.0,1507,19.2
51630,1.0,4463,16.9
51640,6.0,1151,19.0
51650,1.0,17926,13.8
51660,3.0,11299,24.9
51670,1.0,4287,19.3
51678,6.0,1073,22.9
51680,3.0,11947,16.8
51683,1.0,3031,7.4
51685,1.0,1095,6.3
51690,4.0,2377,19.5
51700,1.0,25769,15.1
51710,1.0,39553,19.0
51720,7.0,756,19.3
51730,1.0,6643,21.6
51735,1.0,645,5.3
51740,1.0,16860,18.5
51750,3.0,4503,30.5
51760,1.0,42010,19.2
51770,2.0,19049,19.5
51775,2.0,2197,9.4
51790,4.0,2706,11.3
51800,1.0,8906,9.8
51810,1.0,31898,7.3
51820,4.0,2746,12.3
51830,1.0,1937,18.2
51840,3.0,3588,13.3
53001,6.0,3309,16.8
53003,3.0,3092,13.8
53005,3.0,21437,10.6
53007,3.0,9332,12.2
53009,5.0,8476,11.2
53011,1.0,44548,9.2
53013,6.0,484,12.3
53015,3.0,13729,12.6
53017,3.0,4724,10.9
53019,9.0,1354,18.0
53021,3.0,12409,13.5
53023,8.0,283,12.9
53025,4.0,13377,13.9
53027,4.0,9422,13.1
53029,4.0,6037,7.3
53031,6.0,3993,12.6
53033,1.0,171116,7.7
53035,3.0,19787,7.5
53037,6.0,6326,14.0
53039,6.0,3013,13.5
53041,4.0,9726,12.2
53043,8.0,981,9.1
53045,6.0,8143,12.8
53047,6.0,6828,16.4
53049,7.0,2996,13.5
53051,8.0,2191,16.1
53053,1.0,83128,9.4
53055,9.0,1414,8.1
53057,3.0,14314,11.2
53059,1.0,1246,10.4
53061,1.0,56935,7.0
53063,2.0,65750,12.9
53065,6.0,6738,14.9
53067,3.0,26105,9.1
53069,8.0,477,10.8
53071,4.0,7099,12.7
53073,3.0,28310,12.7
53075,4.0,11367,26.3
53077,3.0,41218,16.7
54001,7.0,2848,18.4
54003,3.0,12942,11.0
54005,2.0,4017,18.9
54007,8.0,2477,18.3
54009,3.0,2551,12.0
54011,2.0,16337,18.5
54013,8.0,1524,21.6
54015,2.0,1891,22.5
54017,9.0,1376,18.8
54019,6.0,8321,20.6
54021,9.0,1536,25.5
54023,6.0,1497,13.2
54025,7.0,5814,17.2
54027,3.0,3311,14.6
54029,3.0,3559,12.5
54031,8.0,1929,14.2
54033,5.0,7353,11.1
54035,6.0,4716,16.7
54037,1.0,5529,9.9
54039,2.0,28499,16.3
54041,7.0,3039,19.5
54043,2.0,3990,19.7
54045,6.0,6827,21.9
54047,7.0,5894,33.8
54049,4.0,7939,14.6
54051,3.0,4081,13.7
54053,6.0,3994,15.5
54055,5.0,10768,18.7
54057,3.0,3266,12.5
54059,6.0,6329,27.3
54061,3.0,18887,19.1
54063,8.0,2070,15.7
54065,3.0,1851,10.5
54067,6.0,4558,18.8
54069,3.0,5504,14.1
54071,8.0,927,13.5
54073,3.0,875,13.0
54075,9.0,1270,16.1
54077,3.0,4491,14.3
54079,2.0,4962,8.9
54081,4.0,12090,17.4
54083,7.0,4403,16.8
54085,8.0,1674,17.9
54087,6.0,2628,19.4
54089,7.0,2724,23.5
54091,6.0,2690,16.7
54093,9.0,1014,15.3
54095,6.0,1302,15.4
54097,7.0,3994,17.5
54099,2.0,7654,19.6
54101,9.0,1744,21.8
54103,6.0,2432,16.3
54105,3.0,1015,17.5
54107,3.0,11627,14.1
54109,7.0,4634,22.9
55001,8.0,2231,11.6
55003,7.0,2655,17.8
55005,6.0,3968,8.9
55007,8.0,1533,10.3
55009,2.0,25456,9.9
55011,8.0,1227,9.5
55013,8.0,1926,12.6
55015,3.0,2701,5.4
55017,3.0,5460,8.8
55019,8.0,4605,13.5
55021,2.0,3776,6.7
55023,7.0,1789,11.6
55025,2.0,50163,9.4
55027,4.0,6512,8.0
55029,6.0,2549,9.3
55031,2.0,4810,11.5
55033,6.0,4911,11.7
55035,3.0,10586,10.6
55037,9.0,463,10.9
55039,3.0,7326,7.3
55041,9.0,1443,16.3
55043,6.0,6278,13.4
55045,6.0,2350,6.4
55047,6.0,2181,11.7
55049,2.0,2240,9.5
55051,9.0,709,12.7
55053,6.0,2385,12.4
55055,4.0,5824,7.1
55057,7.0,3391,13.4
55059,1.0,16248,9.8
55061,2.0,1496,7.4
55063,3.0,13280,11.8
55065,8.0,1868,11.3
55067,6.0,2441,13.0
55069,6.0,2455,9.1
55071,4.0,6899,8.8
55073,3.0,11026,8.2
55075,6.0,4548,11.5
55077,8.0,1535,10.0
55078,8.0,1139,25.3
55079,1.0,156647,16.9
55081,6.0,4936,10.9
55083,2.0,3506,9.3
55085,7.0,3117,8.9
55087,3.0,13110,7.1
55089,1.0,3926,4.5
55091,8.0,643,9.0
55093,1.0,3900,9.8
55095,6.0,3723,8.6
55097,4.0,7995,11.8
55099,9.0,1959,14.9
55101,3.0,23688,12.4
55103,6.0,2115,12.5
55105,3.0,19755,12.3
55107,6.0,1714,12.3
55109,1.0,5285,5.9
55111,4.0,6471,10.2
55113,9.0,2063,12.7
55115,6.0,3851,9.6
55117,3.0,9051,8.1
55119,6.0,1942,9.7
55121,8.0,2598,8.9
55123,6.0,4297,14.1
55125,9.0,2460,11.2
55127,4.0,9532,9.5
55129,6.0,1990,12.8
55131,1.0,6942,5.1
55133,1.0,18915,4.7
55135,6.0,4329,8.8
55137,8.0,2863,12.4
55139,3.0,15965,9.7
55141,4.0,7734,10.7
56001,4.0,5861,16.0
56003,9.0,1400,12.1
56005,5.0,3506,7.7
56007,7.0,1638,11.7
56009,6.0,1256,9.2
56011,9.0,604,8.0
56013,7.0,4937,12.9
56015,7.0,1557,13.0
56017,7.0,472,10.9
56019,7.0,751,9.0
56021,3.0,9194,9.5
56023,7.0,1381,7.0
56025,3.0,7735,9.9
56027,9.0,316,15.1
56029,7.0,2936,10.3
56031,7.0,949,11.5
56033,7.0,2500,8.5
56035,9.0,701,7.2
56037,5.0,3453,8.3
56039,7.0,1396,6.0
56041,7.0,1699,8.5
56043,7.0,845,11.1
56045,7.0,692,10.5
