fips,2003_rural_urban_continuum_code,less_than_a_high_school_diploma_1970,percent_of_adults_with_less_than_a_high_school_diploma_1970
1001,2.0,6611.0,54.8
1003,4.0,18726.0,59.4
1005,6.0,8120.0,68.8
1007,1.0,5272.0,73.1
1009,1.0,10677.0,70.5
1011,6.0,4245.0,72.9
1013,6.0,8353.0,70.5
1015,3.0,30535.0,58.6
1017,6.0,13616.0,67.4
1019,8.0,6126.0,69.8
1021,1.0,10285.0,73.2
1023,9.0,5720.0,68.2
1025,7.0,8459.0,62.7
1027,9.0,4784.0,66.8
1029,8.0,4431.0,73.1
1031,6.0,10790.0,59.9
1033,3.0,15050.0,56.3
1035,9.0,5889.0,71.2
1037,8.0,3983.0,69.8
1039,7.0,13470.0,68.3
1041,8.0,5595.0,73.9
1043,6.0,20137.0,69.7
1045,4.0,9412.0,44.6
1047,4.0,15421.0,58.6
1049,6.0,17375.0,72.5
1051,2.0,11066.0,62.0
1053,6.0,12205.0,65.4
1055,3.0,31249.0,59.2
1057,6.0,6552.0,69.8
1059,6.0,9158.0,67.4
1061,3.0,8446.0,68.1
1063,3.0,3879.0,73.2
1065,3.0,5803.0,74.2
1067,3.0,5087.0,70.2
1069,3.0,17385.0,57.3
1071,6.0,15217.0,71.5
1073,1.0,186882.0,52.7
1075,9.0,6105.0,73.9
1077,3.0,20423.0,56.0
1079,3.0,9757.0,71.3
1081,3.0,13597.0,51.5
1083,2.0,13226.0,62.4
1085,2.0,4077.0,73.6
1087,6.0,7510.0,61.0
1089,2.0,34090.0,37.0
1091,7.0,7786.0,65.6
1093,8.0,9771.0,71.6
1095,4.0,19838.0,65.9
1097,2.0,92179.0,57.4
1099,7.0,7137.0,67.3
1101,2.0,39981.0,45.7
1103,3.0,22039.0,54.0
1105,8.0,5338.0,71.2
1107,8.0,7409.0,68.4
1109,6.0,7862.0,62.6
1111,6.0,7664.0,71.7
1113,2.0,16516.0,72.9
1115,1.0,10304.0,68.8
1117,1.0,12329.0,63.9
1119,8.0,5393.0,67.5
1121,4.0,21302.0,64.3
1123,6.0,12564.0,66.9
1125,3.0,33142.0,55.2
1127,1.0,21847.0,69.7
1129,8.0,5409.0,70.5
1131,8.0,5260.0,69.6
1133,6.0,6440.0,69.1
2010,5.128857779191855,1237.0,39.7
2013,9.0,16711.331206126357,55.301340140395546
2016,7.0,16711.331206126357,55.301340140395546
2020,2.0,13711.0,24.1
2050,7.0,2258.0,80.6
2060,9.0,140.0,29.2
2068,8.0,16711.331206126357,55.301340140395546
2070,9.0,949.0,69.5
2090,3.0,4723.0,25.0
2100,9.0,423.0,53.1
2105,5.128857779191855,16711.331206126357,55.301340140395546
2110,5.0,1598.0,22.9
2122,7.0,2793.0,35.1
2130,7.0,1794.0,35.6
2150,7.0,1596.0,39.4
2158,9.0,1174.0,93.0
2160,5.128857779191855,577.0,63.7
2164,9.0,16711.331206126357,55.301340140395546
2170,2.0,1295.0,39.2
2180,7.0,1625.0,69.5
2185,7.0,836.0,80.9
2188,7.0,1220.0,75.7
2195,5.128857779191855,16711.331206126357,55.301340140395546
2198,5.128857779191855,16711.331206126357,55.301340140395546
2201,9.0,882.0,46.6
2220,7.0,1149.0,36.1
2230,5.128857779191855,16711.331206126357,55.301340140395546
2231,5.128857779191855,603.0,49.3
2232,9.0,16711.331206126357,55.301340140395546
2240,8.0,621.0,37.1
2250,5.128857779191855,533.0,61.0
2261,9.0,1079.0,41.1
2275,5.128857779191855,16711.331206126357,55.301340140395546
2280,7.0,1132.0,45.8
2282,9.0,16711.331206126357,55.301340140395546
2290,8.0,1046.0,48.2
4001,6.0,8255.0,66.0
4003,4.0,13262.0,44.1
4005,3.0,8439.0,41.7
4007,4.0,8156.0,53.8
4009,6.0,4063.0,52.7
4011,7.0,2785.0,52.6
4012,6.0,16711.331206126357,55.301340140395546
4013,1.0,203922.0,39.9
4015,4.0,6407.0,42.3
4017,4.0,11808.0,58.5
4019,2.0,68625.0,36.9
4021,1.0,19028.0,57.8
4023,4.0,3934.0,56.5
4025,3.0,10293.0,45.0
4027,3.0,14896.0,49.7
5001,6.0,8069.0,62.8
5003,7.0,7896.0,60.2
5005,7.0,5645.0,53.9
5007,2.0,16503.0,56.6
5009,7.0,6541.0,56.1
5011,6.0,4997.0,67.4
5013,9.0,2159.0,68.7
5015,6.0,4706.0,59.8
5017,7.0,6808.0,72.3
5019,7.0,6340.0,58.4
5021,7.0,8834.0,76.7
5023,6.0,4829.0,73.3
5025,3.0,2659.0,69.2
5027,7.0,8639.0,61.1
5029,6.0,5819.0,62.5
5031,3.0,16609.0,60.8
5033,2.0,9143.0,63.6
5035,1.0,15595.0,68.8
5037,6.0,7237.0,72.4
5039,6.0,3992.0,68.0
5041,6.0,6532.0,68.5
5043,7.0,5127.0,65.4
5045,2.0,8131.0,51.5
5047,2.0,4324.0,65.0
5049,9.0,3521.0,73.0
5051,3.0,18595.0,55.1
5053,2.0,3651.0,65.7
5055,6.0,10259.0,71.2
5057,6.0,7229.0,63.3
5059,6.0,7965.0,63.1
5061,7.0,4556.0,65.6
5063,7.0,8823.0,64.9
5065,9.0,3470.0,72.8
5067,6.0,8274.0,71.6
5069,3.0,24161.0,56.1
5071,6.0,5539.0,67.0
5073,8.0,3769.0,68.4
5075,6.0,6811.0,72.1
5077,6.0,7120.0,79.7
5079,3.0,4991.0,75.0
5081,6.0,3819.0,64.1
5083,6.0,7054.0,69.5
5085,2.0,9052.0,63.8
5087,2.0,4200.0,74.2
5089,9.0,2973.0,64.3
5091,3.0,10932.0,59.2
5093,4.0,21171.0,68.8
5095,7.0,5972.0,74.0
5097,8.0,2393.0,65.7
5099,7.0,4230.0,69.4
5101,9.0,2452.0,72.8
5103,7.0,10773.0,61.6
5105,2.0,2344.0,71.8
5107,7.0,14397.0,73.0
5109,9.0,3740.0,70.0
5111,3.0,10909.0,76.4
5113,7.0,5313.0,65.0
5115,5.0,8887.0,58.2
5117,8.0,4101.0,71.2
5119,2.0,64328.0,41.5
5121,7.0,5698.0,75.3
5123,6.0,10224.0,69.4
5125,2.0,11885.0,59.1
5127,6.0,3603.0,72.7
5129,9.0,3500.0,76.1
5131,2.0,22280.0,50.0
5133,7.0,4072.0,61.8
5135,7.0,3573.0,67.2
5137,9.0,3204.0,78.9
5139,5.0,14098.0,53.5
5141,8.0,3643.0,70.9
5143,2.0,19904.0,51.0
5145,4.0,14432.0,66.3
5147,9.0,4588.0,73.7
5149,6.0,5537.0,65.8
6001,1.0,217589.0,37.0
6003,8.0,101.0,38.3
6005,6.0,2911.0,41.4
6007,3.0,24482.0,42.9
6009,6.0,4164.0,48.1
6011,6.0,3104.0,44.3
6013,1.0,96353.0,32.1
6015,7.0,3970.0,50.0
6017,1.0,9251.0,36.3
6019,2.0,100900.0,47.3
6021,6.0,4673.0,46.4
6023,5.0,23271.0,44.3
6025,3.0,20636.0,56.9
6027,7.0,3585.0,38.3
6029,2.0,82559.0,48.3
6031,3.0,15962.0,50.9
6033,4.0,6696.0,49.6
6035,6.0,4150.0,43.3
6037,1.0,1506170.0,38.0
6039,3.0,13151.0,58.4
6041,1.0,24952.0,20.9
6043,8.0,1670.0,44.5
6045,4.0,12742.0,43.1
6047,3.0,25247.0,49.3
6049,6.0,1769.0,40.1
6051,7.0,723.0,31.1
6053,2.0,44960.0,37.5
6055,3.0,16951.0,36.6
6057,4.0,6445.0,39.0
6059,1.0,216580.0,29.5
6061,1.0,16171.0,36.9
6063,7.0,2783.0,39.4
6065,1.0,105962.0,41.6
6067,1.0,113388.0,34.2
6069,1.0,5333.0,55.9
6071,1.0,154036.0,43.3
6073,1.0,239165.0,34.7
6075,1.0,175382.0,38.2
6077,2.0,79981.0,50.6
6079,3.0,23256.0,40.2
6081,1.0,90291.0,28.5
6083,2.0,39195.0,28.7
6085,1.0,168911.0,31.0
6087,2.0,26802.0,36.9
6089,3.0,17506.0,41.1
6091,8.0,626.0,41.7
6093,7.0,8418.0,43.5
6095,2.0,31409.0,37.3
6097,2.0,41844.0,36.4
6099,2.0,52093.0,49.6
6101,3.0,9490.0,42.7
6103,4.0,7328.0,44.2
6105,8.0,1930.0,43.3
6107,2.0,54916.0,55.8
6109,4.0,5624.0,41.2
6111,2.0,68362.0,36.2
6113,1.0,17135.0,38.4
6115,3.0,9313.0,43.4
8001,1.0,32417.0,37.3
8003,7.0,2066.0,40.2
8005,1.0,19703.0,23.9
8007,7.0,744.0,54.2
8009,9.0,1753.0,53.7
8011,7.0,2205.0,57.5
8013,2.0,15345.0,24.2
8014,1.0,16711.331206126357,55.301340140395546
8015,7.0,2274.0,41.6
8017,9.0,684.0,48.9
8019,1.0,943.0,35.5
8021,9.0,2139.0,59.4
8023,9.0,939.0,61.0
8025,8.0,1079.0,57.7
8027,8.0,306.0,44.5
8029,6.0,4845.0,50.9
8031,1.0,110353.0,38.5
8033,9.0,513.0,60.4
8035,1.0,1278.0,28.5
8037,5.0,1605.0,43.4
8039,1.0,1034.0,45.2
8041,2.0,29143.0,27.1
8043,4.0,6890.0,50.9
8045,5.0,3446.0,41.4
8047,1.0,259.0,35.1
8049,8.0,943.0,40.3
8051,7.0,910.0,30.8
8053,9.0,41.0,48.8
8055,6.0,2403.0,61.0
8057,9.0,369.0,39.5
8059,1.0,31007.0,25.4
8061,9.0,512.0,46.4
8063,7.0,1974.0,46.4
8065,7.0,1738.0,43.9
8067,6.0,3928.0,39.9
8069,2.0,13751.0,31.5
8071,7.0,5143.0,58.6
8073,8.0,1300.0,45.5
8075,7.0,4067.0,41.5
8077,3.0,12419.0,40.9
8079,9.0,156.0,33.1
8081,7.0,1547.0,43.2
8083,6.0,3499.0,51.4
8085,7.0,4648.0,46.5
8087,6.0,5434.0,50.0
8089,6.0,6486.0,51.7
8091,9.0,426.0,44.3
8093,1.0,473.0,37.7
8095,9.0,1115.0,43.8
8097,7.0,536.0,15.9
8099,7.0,3242.0,47.3
8101,3.0,30157.0,48.8
8103,9.0,869.0,34.3
8105,7.0,2627.0,48.0
8107,7.0,1322.0,36.8
8109,9.0,1094.0,55.6
8111,9.0,189.0,41.4
8113,9.0,514.0,51.5
8115,9.0,991.0,49.1
8117,7.0,442.0,32.0
8119,2.0,619.0,32.3
8121,9.0,1606.0,49.2
8123,3.0,18779.0,42.9
8125,7.0,2598.0,49.9
9001,2.0,182696.0,40.5
9003,1.0,199750.0,43.9
9005,4.0,37551.0,45.6
9007,1.0,27436.0,42.7
9009,2.0,192144.0,46.1
9011,2.0,54768.0,45.6
9013,1.0,19955.0,39.7
9015,4.0,26530.0,57.4
10001,3.0,18865.0,47.7
10003,1.0,86082.0,42.4
10005,4.0,25516.0,57.0
11001,1.0,189720.0,44.8
12001,3.0,18825.0,40.2
12003,1.0,3119.0,65.1
12005,3.0,18967.0,49.0
12007,6.0,4977.0,63.5
12009,2.0,34845.0,29.3
12011,1.0,175532.0,44.6
12013,6.0,2864.0,69.3
12015,3.0,9946.0,47.0
12017,4.0,7646.0,57.5
12019,1.0,7546.0,46.5
12021,2.0,9668.0,41.6
12023,6.0,7366.0,56.5
12027,6.0,5078.0,64.1
12029,6.0,1825.0,65.7
12031,1.0,131440.0,48.4
12033,2.0,49390.0,49.7
12035,4.0,1436.0,55.4
12037,6.0,2577.0,64.7
12039,2.0,14465.0,69.4
12041,3.0,1351.0,68.4
12043,6.0,1325.0,67.9
12045,6.0,3042.0,57.7
12047,6.0,2698.0,67.7
12049,6.0,4984.0,64.6
12051,4.0,3799.0,63.6
12053,1.0,6274.0,59.2
12055,4.0,10320.0,56.4
12057,1.0,136065.0,50.7
12059,6.0,4499.0,71.5
12061,3.0,9994.0,46.5
12063,6.0,11599.0,63.7
12065,2.0,2909.0,65.9
12067,8.0,1087.0,67.3
12069,1.0,22581.0,51.8
12071,2.0,30744.0,45.9
12073,2.0,16506.0,35.5
12075,8.0,4687.0,65.6
12077,8.0,1267.0,69.7
12079,6.0,4885.0,69.8
12081,2.0,31914.0,47.3
12083,2.0,20641.0,52.8
12085,2.0,8615.0,48.9
12086,1.0,369936.0,48.1
12087,4.0,12358.0,44.0
12089,1.0,6402.0,61.5
12091,3.0,13196.0,32.9
12093,4.0,3631.0,67.1
12095,1.0,80319.0,43.4
12097,1.0,8823.0,55.7
12099,1.0,94604.0,44.3
12101,1.0,31468.0,57.8
12103,1.0,171570.0,47.0
12105,2.0,68029.0,53.7
12107,4.0,11729.0,60.0
12109,1.0,9039.0,52.0
12111,2.0,15336.0,53.2
12113,2.0,8024.0,45.2
12115,2.0,30915.0,36.1
12117,1.0,20411.0,45.6
12119,4.0,5319.0,63.8
12121,6.0,5609.0,66.4
12123,6.0,4554.0,63.6
12125,6.0,3110.0,66.1
12127,2.0,46457.0,43.1
12129,2.0,2288.0,68.5
12131,6.0,5785.0,62.5
12133,6.0,4327.0,67.9
13001,7.0,4606.0,72.6
13003,9.0,2214.0,78.0
13005,7.0,3417.0,79.9
13007,3.0,1498.0,79.2
13009,4.0,14324.0,71.7
13011,8.0,3138.0,82.1
13013,1.0,6943.0,74.2
13015,1.0,12609.0,72.2
13017,7.0,5482.0,72.9
13019,6.0,4811.0,77.5
13021,3.0,43778.0,57.4
13023,6.0,3758.0,73.8
13025,3.0,2064.0,68.8
13027,3.0,5318.0,73.6
13029,2.0,2477.0,77.8
13031,4.0,8891.0,62.0
13033,2.0,6981.0,79.7
13035,1.0,3892.0,71.6
13037,8.0,2536.0,78.3
13039,4.0,3373.0,61.8
13043,7.0,2654.0,75.1
13045,1.0,15509.0,68.3
13047,2.0,8892.0,60.0
13049,6.0,1834.0,68.5
13051,2.0,49618.0,51.8
13053,2.0,1374.0,25.7
13055,6.0,8696.0,75.8
13057,1.0,11730.0,71.7
13059,3.0,10989.0,38.7
13061,9.0,1472.0,77.6
13063,1.0,23474.0,50.5
13065,6.0,2285.0,74.5
13067,1.0,49786.0,49.8
13069,7.0,7937.0,70.3
13071,6.0,11576.0,68.5
13073,2.0,6106.0,58.7
13075,6.0,4503.0,72.1
13077,1.0,11818.0,68.5
13079,3.0,2166.0,77.4
13081,6.0,6383.0,69.1
13083,2.0,3659.0,73.6
13085,1.0,1621.0,82.5
13087,6.0,8516.0,73.0
13089,1.0,77829.0,36.2
13091,7.0,6350.0,75.5
13093,6.0,4099.0,77.0
13095,3.0,21270.0,51.7
13097,1.0,9340.0,63.9
13099,6.0,5095.0,78.6
13101,3.0,672.0,75.3
13103,2.0,5008.0,73.7
13105,6.0,7401.0,77.7
13107,7.0,7336.0,76.0
13109,6.0,2942.0,78.0
13111,8.0,5572.0,72.1
13113,1.0,3786.0,63.0
13115,3.0,26218.0,64.4
13117,1.0,6364.0,72.0
13119,8.0,5365.0,74.9
13121,1.0,164315.0,50.1
13123,6.0,3693.0,73.5
13125,9.0,1224.0,88.4
13127,3.0,13169.0,51.8
13129,6.0,9460.0,74.3
13131,6.0,6750.0,71.0
13133,6.0,3827.0,69.7
13135,1.0,22991.0,62.4
13137,6.0,7301.0,67.7
13139,3.0,20973.0,66.6
13141,7.0,3532.0,80.3
13143,1.0,6139.0,69.7
13145,2.0,4321.0,69.9
13147,6.0,6651.0,79.4
13149,1.0,2379.0,80.8
13151,1.0,8263.0,69.4
13153,3.0,11800.0,40.1
13155,7.0,3139.0,72.0
13157,6.0,8103.0,70.6
13159,1.0,2139.0,69.5
13161,7.0,3456.0,72.5
13163,6.0,6757.0,79.3
13165,6.0,3476.0,81.3
13167,9.0,3205.0,78.7
13169,3.0,4056.0,67.1
13171,1.0,3944.0,71.9
13173,3.0,1824.0,72.0
13175,6.0,12567.0,70.5
13177,3.0,2314.0,72.6
13179,3.0,3856.0,57.0
13181,8.0,2475.0,80.6
13183,3.0,1476.0,79.0
13185,3.0,14101.0,54.1
13187,6.0,3104.0,74.7
13189,2.0,5097.0,65.9
13191,3.0,2535.0,72.7
13193,6.0,4715.0,75.2
13195,3.0,5540.0,76.9
13197,2.0,2036.0,81.1
13199,1.0,7196.0,71.2
13201,8.0,2663.0,76.2
13205,6.0,7133.0,75.3
13207,3.0,3976.0,71.7
13209,9.0,2332.0,73.5
13211,6.0,3689.0,73.1
13213,3.0,5090.0,75.4
13215,2.0,40831.0,49.9
13217,1.0,9469.0,70.9
13219,3.0,2534.0,60.5
13221,3.0,3255.0,80.1
13223,1.0,7133.0,77.8
13225,6.0,4536.0,62.9
13227,1.0,4235.0,80.6
13229,6.0,3486.0,71.1
13231,1.0,3002.0,77.6
13233,6.0,12004.0,73.4
13235,6.0,3144.0,70.7
13237,6.0,2691.0,64.7
13239,9.0,871.0,78.8
13241,9.0,3356.0,70.6
13243,6.0,3783.0,80.6
13245,2.0,39448.0,51.9
13247,1.0,5991.0,64.6
13249,8.0,1208.0,77.9
13251,6.0,5349.0,80.8
13253,6.0,2594.0,69.5
13255,1.0,14737.0,68.5
13257,7.0,7621.0,67.0
13259,8.0,2492.0,77.3
13261,6.0,8749.0,67.0
13263,8.0,2550.0,78.7
13265,8.0,1171.0,88.1
13267,6.0,6981.0,73.8
13269,8.0,3264.0,80.2
13271,7.0,4431.0,73.6
13273,3.0,4089.0,71.3
13275,4.0,12371.0,67.8
13277,4.0,9002.0,67.2
13279,7.0,7201.0,72.5
13281,9.0,1750.0,68.6
13283,7.0,2371.0,80.6
13285,4.0,17093.0,70.2
13287,6.0,3580.0,77.7
13289,3.0,3175.0,82.1
13291,9.0,3081.0,79.2
13293,6.0,9210.0,69.1
13295,2.0,18472.0,66.6
13297,1.0,9166.0,74.7
13299,4.0,12190.0,67.3
13301,8.0,2656.0,79.2
13303,7.0,7048.0,78.4
13305,6.0,5836.0,64.5
13307,8.0,986.0,84.9
13309,9.0,2026.0,83.2
13311,8.0,3028.0,72.4
13313,3.0,19979.0,70.3
13315,9.0,2706.0,71.6
13317,6.0,3955.0,68.7
13319,8.0,3725.0,78.0
13321,3.0,5426.0,73.0
15001,5.0,18359.0,53.2
15003,2.0,104906.0,34.0
15005,9.0,16711.331206126357,55.301340140395546
15007,5.0,9343.0,56.6
15009,5.0,14093.0,55.7
16001,2.0,18137.0,30.5
16003,8.0,793.0,49.9
16005,3.0,8975.0,36.3
16007,7.0,1299.0,40.9
16009,6.0,1864.0,53.5
16011,6.0,5750.0,41.4
16013,7.0,1161.0,35.9
16015,2.0,433.0,44.5
16017,6.0,4480.0,49.8
16019,3.0,7572.0,31.0
16021,7.0,1886.0,53.5
16023,8.0,586.0,39.5
16025,9.0,101.0,25.4
16027,2.0,15284.0,46.6
16029,6.0,1070.0,33.4
16031,7.0,3758.0,44.5
16033,8.0,163.0,48.7
16035,6.0,3057.0,52.1
16037,9.0,812.0,47.4
16039,4.0,2392.0,32.1
16041,3.0,1503.0,38.8
16043,6.0,1771.0,41.3
16045,2.0,2787.0,53.6
16047,7.0,2321.0,46.5
16049,6.0,3199.0,46.5
16051,3.0,2578.0,45.9
16053,7.0,2864.0,50.4
16055,3.0,8535.0,43.4
16057,4.0,3783.0,33.1
16059,7.0,1465.0,45.9
16061,8.0,950.0,43.7
16063,9.0,836.0,49.2
16065,6.0,1517.0,32.0
16067,7.0,3458.0,44.6
16069,3.0,6401.0,39.1
16071,8.0,633.0,37.5
16073,2.0,1763.0,53.4
16075,6.0,3436.0,47.9
16077,3.0,1037.0,42.2
16079,6.0,5229.0,50.1
16081,9.0,468.0,39.4
16083,5.0,10148.0,43.6
16085,8.0,873.0,42.7
16087,6.0,2403.0,53.5
17001,5.0,19295.0,47.8
17003,7.0,4792.0,65.8
17005,1.0,4423.0,55.5
17007,2.0,6205.0,47.3
17009,7.0,2086.0,60.4
17011,6.0,10430.0,47.3
17013,1.0,2364.0,68.9
17015,7.0,4979.0,45.4
17017,6.0,4370.0,52.2
17019,3.0,21416.0,30.0
17021,6.0,10979.0,52.3
17023,6.0,5558.0,56.4
17025,7.0,5464.0,61.6
17027,1.0,9066.0,62.4
17029,5.0,11368.0,47.0
17031,1.0,1477917.0,48.3
17033,6.0,6229.0,50.0
17035,9.0,3396.0,60.3
17037,1.0,11171.0,35.9
17039,6.0,4959.0,49.3
17041,6.0,4752.0,44.3
17043,1.0,70930.0,28.0
17045,6.0,6316.0,48.6
17047,9.0,2514.0,56.3
17049,7.0,7267.0,54.2
17051,6.0,7724.0,62.0
17053,3.0,3756.0,39.7
17055,5.0,15790.0,64.0
17057,6.0,12494.0,50.4
17059,8.0,3025.0,69.4
17061,6.0,5452.0,54.2
17063,1.0,6483.0,44.9
17065,7.0,3856.0,69.1
17067,7.0,5902.0,43.3
17069,9.0,2102.0,69.0
17071,9.0,2294.0,47.5
17073,2.0,14636.0,48.4
17075,6.0,9511.0,49.4
17077,5.0,10467.0,43.7
17079,7.0,3867.0,62.1
17081,7.0,11025.0,59.0
17083,1.0,5703.0,57.9
17085,6.0,6054.0,50.6
17087,7.0,2775.0,59.6
17089,1.0,57262.0,43.5
17091,3.0,27161.0,50.9
17093,1.0,4766.0,34.9
17095,4.0,15332.0,43.3
17097,1.0,68913.0,36.9
17099,4.0,31571.0,50.0
17101,7.0,5420.0,51.1
17103,4.0,9904.0,47.3
17105,4.0,10527.0,47.3
17107,6.0,9364.0,48.8
17109,5.0,6352.0,38.4
17111,1.0,25739.0,43.3
17113,3.0,20197.0,39.1
17115,3.0,32222.0,47.0
17117,1.0,14668.0,55.9
17119,1.0,72372.0,53.0
17121,4.0,13125.0,56.8
17123,2.0,3422.0,44.5
17125,6.0,5068.0,52.5
17127,7.0,5168.0,61.4
17129,3.0,2877.0,50.2
17131,2.0,4380.0,44.6
17133,1.0,6091.0,58.1
17135,6.0,9570.0,53.4
17137,4.0,9259.0,45.0
17139,6.0,4269.0,54.5
17141,4.0,10255.0,44.0
17143,2.0,49597.0,46.3
17145,7.0,7351.0,61.9
17147,3.0,3759.0,42.2
17149,7.0,5947.0,51.0
17151,9.0,1624.0,70.2
17153,9.0,3420.0,68.2
17155,8.0,1376.0,47.9
17157,6.0,11827.0,62.8
17159,7.0,5056.0,51.8
17161,2.0,41149.0,45.0
17163,1.0,85192.0,57.4
17165,7.0,10357.0,62.9
17167,3.0,39711.0,43.4
17169,7.0,2503.0,50.1
17171,9.0,2170.0,59.4
17173,6.0,7177.0,54.7
17175,2.0,1821.0,42.0
17177,4.0,12512.0,46.0
17179,2.0,29422.0,46.7
17181,7.0,6389.0,61.8
17183,3.0,29016.0,52.4
17185,6.0,3802.0,50.0
17187,7.0,5179.0,43.5
17189,6.0,5960.0,68.8
17191,7.0,6924.0,66.0
17193,6.0,6577.0,60.9
17195,4.0,16859.0,50.7
17197,1.0,61805.0,48.1
17199,5.0,16306.0,55.3
17201,2.0,61967.0,47.9
17203,2.0,6767.0,44.7
18001,6.0,6684.0,48.2
18003,2.0,58479.0,40.6
18005,3.0,12889.0,43.9
18007,3.0,2420.0,39.8
18009,6.0,4198.0,48.4
18011,1.0,7141.0,41.2
18013,1.0,2585.0,53.0
18015,3.0,4056.0,40.4
18017,4.0,10309.0,43.8
18019,1.0,21010.0,53.4
18021,3.0,7172.0,50.5
18023,6.0,8192.0,47.2
18025,8.0,3059.0,66.6
18027,7.0,7519.0,51.0
18029,1.0,8761.0,54.7
18031,6.0,6320.0,51.9
18033,4.0,7518.0,45.7
18035,3.0,30748.0,48.0
18037,7.0,9175.0,59.3
18039,3.0,31001.0,46.8
18041,7.0,7733.0,54.6
18043,1.0,17365.0,57.1
18045,6.0,4968.0,48.0
18047,1.0,5684.0,64.8
18049,7.0,4119.0,41.7
18051,2.0,8746.0,50.0
18053,4.0,21722.0,49.3
18055,3.0,8666.0,53.6
18057,1.0,10886.0,37.5
18059,1.0,7719.0,42.0
18061,1.0,6077.0,54.7
18063,1.0,10016.0,35.8
18065,4.0,15659.0,54.2
18067,3.0,18713.0,43.2
18069,6.0,7988.0,41.4
18071,4.0,9471.0,52.3
18073,1.0,4893.0,48.9
18075,6.0,6948.0,52.7
18077,6.0,7462.0,51.3
18079,6.0,5689.0,55.9
18081,1.0,13225.0,43.8
18083,4.0,11311.0,48.5
18085,4.0,10872.0,41.6
18087,6.0,5732.0,56.7
18089,1.0,144211.0,51.5
18091,3.0,29499.0,51.2
18093,4.0,12138.0,56.4
18095,3.0,35896.0,48.6
18097,1.0,187324.0,44.6
18099,6.0,8521.0,44.4
18101,6.0,3301.0,58.3
18103,6.0,8804.0,43.8
18105,3.0,12439.0,34.2
18107,6.0,7090.0,37.9
18109,1.0,11186.0,50.0
18111,1.0,2953.0,46.0
18113,6.0,7813.0,46.8
18115,1.0,1340.0,55.7
18117,6.0,5497.0,57.5
18119,3.0,3957.0,56.6
18121,6.0,3933.0,45.9
18123,6.0,6205.0,61.4
18125,6.0,4314.0,57.9
18127,1.0,16677.0,39.5
18129,2.0,6105.0,51.2
18131,6.0,3468.0,50.0
18133,1.0,6397.0,45.1
18135,6.0,7860.0,48.5
18137,6.0,6450.0,56.3
18139,6.0,5431.0,49.5
18141,2.0,60275.0,46.0
18143,6.0,5379.0,61.4
18145,1.0,10163.0,50.0
18147,8.0,5299.0,56.9
18149,6.0,5971.0,57.8
18151,7.0,3942.0,37.1
18153,3.0,6380.0,52.6
18155,8.0,2453.0,65.5
18157,3.0,16262.0,32.3
18159,3.0,4227.0,45.7
18161,8.0,1768.0,49.4
18163,2.0,44379.0,46.7
18165,3.0,5732.0,56.7
18167,3.0,29461.0,48.2
18169,6.0,8016.0,42.7
18171,8.0,2437.0,50.2
18173,2.0,6969.0,46.0
18175,1.0,6280.0,59.6
18177,5.0,21269.0,48.7
18179,2.0,5479.0,42.8
18181,6.0,5249.0,44.0
18183,2.0,5138.0,41.2
19001,8.0,2568.0,43.5
19003,9.0,1862.0,47.2
19005,6.0,4240.0,50.6
19007,7.0,4866.0,53.1
19009,8.0,3002.0,53.5
19011,3.0,5664.0,44.0
19013,3.0,25090.0,37.6
19015,6.0,6623.0,42.7
19017,3.0,5089.0,42.4
19019,6.0,4760.0,41.9
19021,7.0,4377.0,37.2
19023,8.0,4985.0,50.8
19025,9.0,3740.0,43.3
19027,7.0,6259.0,51.5
19029,6.0,4229.0,40.8
19031,6.0,4362.0,42.9
19033,5.0,10629.0,38.4
19035,6.0,3672.0,37.8
19037,6.0,4016.0,49.5
19039,6.0,2206.0,46.4
19041,7.0,3616.0,34.7
19043,8.0,6361.0,53.8
19045,4.0,12825.0,41.5
19047,6.0,4989.0,48.4
19049,2.0,5456.0,36.9
19051,9.0,2596.0,51.7
19053,9.0,2713.0,49.4
19055,6.0,4424.0,46.2
19057,5.0,10900.0,41.2
19059,7.0,2963.0,39.2
19061,3.0,19857.0,45.4
19063,7.0,3289.0,43.2
19065,6.0,6569.0,44.5
19067,7.0,4554.0,39.6
19069,7.0,3704.0,45.9
19071,8.0,2377.0,41.4
19073,6.0,3097.0,40.6
19075,3.0,3575.0,43.2
19077,2.0,3641.0,48.4
19079,6.0,4040.0,38.0
19081,7.0,3368.0,43.7
19083,6.0,5228.0,40.7
19085,2.0,4571.0,48.2
19087,7.0,4241.0,41.3
19089,7.0,3484.0,51.9
19091,7.0,2786.0,39.0
19093,8.0,2562.0,46.4
19095,8.0,3980.0,45.2
19097,6.0,5672.0,50.7
19099,6.0,8673.0,43.1
19101,7.0,3488.0,40.3
19103,3.0,7443.0,23.5
19105,3.0,4776.0,44.4
19107,8.0,3582.0,42.9
19109,7.0,5299.0,42.2
19111,5.0,10907.0,44.6
19113,3.0,27404.0,32.3
19115,8.0,2365.0,39.1
19117,6.0,3024.0,47.7
19119,8.0,4016.0,55.3
19121,2.0,2868.0,40.9
19123,7.0,6270.0,48.0
19125,6.0,7729.0,51.2
19127,4.0,8798.0,38.4
19129,2.0,2698.0,41.2
19131,7.0,3402.0,45.8
19133,6.0,3448.0,46.8
19135,7.0,2826.0,50.0
19137,6.0,3453.0,43.1
19139,4.0,9692.0,47.6
19141,7.0,4787.0,47.3
19143,7.0,2706.0,55.6
19145,7.0,4993.0,42.8
19147,7.0,3122.0,42.1
19149,6.0,5812.0,45.8
19151,9.0,2938.0,40.2
19153,2.0,49233.0,32.0
19155,2.0,21041.0,45.9
19157,7.0,3755.0,36.6
19159,9.0,1831.0,44.9
19161,9.0,4101.0,44.8
19163,2.0,31217.0,42.1
19165,6.0,3661.0,43.3
19167,6.0,7940.0,56.2
19169,3.0,6506.0,23.8
19171,6.0,5407.0,46.1
19173,9.0,2672.0,47.3
19175,6.0,3344.0,41.2
19177,9.0,2553.0,47.4
19179,5.0,12247.0,49.4
19181,2.0,4393.0,31.5
19183,3.0,4793.0,44.1
19185,9.0,2563.0,46.4
19187,5.0,10497.0,39.8
19189,7.0,3294.0,44.3
19191,7.0,5725.0,52.1
19193,3.0,22736.0,40.7
19195,9.0,2526.0,46.5
19197,7.0,4135.0,40.3
20001,7.0,4690.0,51.3
20003,6.0,2735.0,53.2
20005,6.0,4516.0,44.0
20007,9.0,1739.0,39.9
20009,7.0,6872.0,40.6
20011,6.0,4757.0,49.7
20013,6.0,3381.0,45.3
20015,2.0,8378.0,38.8
20017,8.0,950.0,43.2
20019,9.0,1749.0,54.6
20021,6.0,7086.0,54.8
20023,9.0,1408.0,53.4
20025,9.0,760.0,40.2
20027,7.0,2914.0,46.5
20029,7.0,3658.0,45.3
20031,6.0,2395.0,49.9
20033,9.0,681.0,39.5
20035,4.0,9420.0,44.9
20037,4.0,10483.0,48.1
20039,9.0,1464.0,47.8
20041,7.0,4756.0,39.6
20043,3.0,2629.0,51.2
20045,3.0,7813.0,31.8
20047,9.0,1130.0,40.0
20049,8.0,1409.0,53.3
20051,5.0,4383.0,40.4
20053,7.0,1918.0,48.6
20055,5.0,3709.0,40.3
20057,5.0,4733.0,39.2
20059,1.0,5114.0,44.7
20061,5.0,4005.0,34.7
20063,9.0,900.0,41.6
20065,9.0,1239.0,46.7
20067,7.0,1307.0,43.6
20069,9.0,1231.0,47.3
20071,9.0,390.0,34.6
20073,6.0,2853.0,48.4
20075,9.0,573.0,35.8
20077,8.0,2271.0,43.5
20079,2.0,5743.0,37.3
20081,9.0,631.0,33.7
20083,9.0,626.0,41.3
20085,3.0,2534.0,41.2
20087,3.0,2898.0,42.6
20089,9.0,1655.0,42.0
20091,1.0,23603.0,20.4
20093,9.0,672.0,41.3
20095,6.0,2212.0,42.1
20097,9.0,1011.0,38.7
20099,7.0,7254.0,48.2
20101,9.0,642.0,40.5
20103,1.0,13496.0,46.0
20105,9.0,1500.0,48.6
20107,1.0,2688.0,53.4
20109,9.0,918.0,42.8
20111,5.0,5282.0,34.5
20113,6.0,5681.0,40.6
20115,6.0,4135.0,48.7
20117,7.0,4172.0,50.0
20119,9.0,1263.0,43.4
20121,1.0,5361.0,46.9
20123,7.0,1977.0,41.1
20125,5.0,11867.0,48.4
20127,9.0,1940.0,46.7
20129,9.0,684.0,35.5
20131,8.0,3600.0,52.4
20133,7.0,5216.0,46.4
20135,9.0,1409.0,47.6
20137,7.0,2041.0,45.6
20139,3.0,3664.0,45.6
20141,9.0,1847.0,44.1
20143,9.0,1720.0,43.6
20145,7.0,2086.0,39.0
20147,7.0,2319.0,48.3
20149,6.0,2944.0,42.8
20151,7.0,2301.0,37.5
20153,9.0,1163.0,45.1
20155,4.0,13399.0,39.7
20157,9.0,2484.0,44.6
20159,7.0,3053.0,41.2
20161,5.0,5249.0,26.6
20163,9.0,1994.0,44.7
20165,9.0,1663.0,50.9
20167,7.0,2594.0,44.7
20169,5.0,8311.0,34.2
20171,7.0,1289.0,42.4
20173,2.0,66609.0,36.6
20175,7.0,3015.0,37.5
20177,3.0,29065.0,35.2
20179,9.0,900.0,43.1
20181,7.0,1696.0,40.7
20183,9.0,2046.0,46.0
20185,9.0,1580.0,39.9
20187,9.0,417.0,35.1
20189,7.0,803.0,34.2
20191,2.0,6128.0,44.0
20193,7.0,1489.0,36.1
20195,9.0,1331.0,50.3
20197,3.0,1831.0,46.7
20199,9.0,610.0,51.2
20201,9.0,3153.0,54.1
20203,9.0,683.0,42.0
20205,7.0,3521.0,48.8
20207,9.0,1678.0,53.5
20209,1.0,52353.0,52.7
21001,7.0,5979.0,78.4
21003,6.0,5902.0,76.2
21005,6.0,3294.0,61.8
21007,9.0,3150.0,60.7
21009,6.0,11734.0,70.4
21011,8.0,4065.0,78.4
21013,7.0,12487.0,74.8
21015,1.0,8756.0,53.0
21017,2.0,6102.0,58.2
21019,2.0,15254.0,51.7
21021,7.0,6668.0,55.7
21023,1.0,2976.0,69.9
21025,7.0,5409.0,78.8
21027,8.0,6071.0,73.6
21029,1.0,8033.0,65.1
21031,8.0,4452.0,79.7
21033,6.0,5034.0,62.8
21035,7.0,7984.0,56.2
21037,1.0,28288.0,59.9
21039,9.0,2233.0,65.7
21041,6.0,3242.0,67.8
21043,6.0,8024.0,76.1
21045,9.0,5879.0,80.6
21047,3.0,14996.0,58.8
21049,2.0,7829.0,59.9
21051,7.0,7254.0,82.8
21053,9.0,3908.0,82.5
21055,6.0,3498.0,66.5
21057,9.0,3350.0,81.6
21059,3.0,21100.0,51.1
21061,3.0,3829.0,80.3
21063,9.0,2512.0,81.2
21065,6.0,5352.0,76.9
21067,2.0,35622.0,39.9
21069,7.0,4745.0,72.1
21071,7.0,14241.0,75.5
21073,4.0,9489.0,49.0
21075,7.0,3775.0,62.2
21077,1.0,1558.0,67.9
21079,6.0,3810.0,68.1
21081,1.0,3829.0,66.5
21083,7.0,12082.0,63.7
21085,6.0,7207.0,78.3
21087,8.0,4854.0,78.9
21089,2.0,10625.0,61.1
21091,3.0,2289.0,61.1
21093,3.0,13650.0,48.3
21095,7.0,15083.0,76.1
21097,6.0,5284.0,62.8
21099,8.0,6164.0,77.0
21101,2.0,10995.0,55.8
21103,1.0,4153.0,64.0
21105,9.0,2446.0,65.4
21107,4.0,14326.0,64.5
21109,9.0,4575.0,86.4
21111,1.0,195373.0,52.7
21113,2.0,5024.0,58.5
21115,7.0,7424.0,74.8
21117,1.0,39721.0,57.6
21119,9.0,5828.0,81.2
21121,7.0,9713.0,78.1
21123,3.0,4269.0,70.7
21125,7.0,10665.0,73.2
21127,6.0,4670.0,76.8
21129,9.0,2972.0,83.4
21131,9.0,4461.0,84.0
21133,9.0,9808.0,80.7
21135,8.0,4940.0,78.0
21137,7.0,6906.0,73.9
21139,9.0,3206.0,70.2
21141,6.0,8639.0,68.3
21143,8.0,2466.0,66.3
21145,5.0,17808.0,52.2
21147,9.0,5275.0,85.2
21149,3.0,3632.0,67.9
21151,4.0,11605.0,59.4
21153,9.0,4197.0,82.5
21155,6.0,5517.0,68.9
21157,7.0,7327.0,60.5
21159,8.0,3780.0,86.1
21161,6.0,6226.0,62.6
21163,1.0,4103.0,48.4
21165,9.0,1748.0,84.2
21167,6.0,5628.0,60.1
21169,9.0,3995.0,82.7
21171,9.0,5318.0,79.6
21173,6.0,5431.0,65.9
21175,7.0,4336.0,79.5
21177,6.0,11111.0,69.2
21179,1.0,6897.0,62.2
21181,8.0,2668.0,71.3
21183,6.0,7835.0,71.7
21185,1.0,4488.0,57.6
21187,8.0,3163.0,68.8
21189,9.0,2341.0,87.4
21191,1.0,3638.0,65.9
21193,7.0,9814.0,75.8
21195,7.0,23829.0,76.6
21197,6.0,3042.0,78.1
21199,5.0,14264.0,71.2
21201,8.0,993.0,73.0
21203,7.0,5209.0,80.3
21205,7.0,4490.0,65.0
21207,9.0,4806.0,78.0
21209,2.0,5316.0,57.4
21211,1.0,6519.0,59.9
21213,6.0,4722.0,64.0
21215,1.0,2189.0,74.9
21217,7.0,6608.0,69.2
21219,8.0,4322.0,69.4
21221,3.0,3557.0,71.4
21223,1.0,1929.0,66.6
21225,6.0,4348.0,56.6
21227,3.0,15309.0,54.4
21229,8.0,3768.0,65.8
21231,7.0,6393.0,81.8
21233,2.0,5641.0,69.8
21235,7.0,9846.0,73.1
21237,9.0,2497.0,83.4
21239,2.0,4187.0,54.0
22001,4.0,18598.0,71.1
22003,6.0,7548.0,70.9
22005,2.0,10695.0,62.2
22007,6.0,6924.0,77.4
22009,6.0,14474.0,73.6
22011,6.0,6546.0,55.7
22013,6.0,6364.0,72.3
22015,2.0,13479.0,44.5
22017,2.0,61574.0,50.2
22019,3.0,36933.0,51.7
22021,8.0,3439.0,67.3
22023,3.0,2775.0,67.6
22025,9.0,4214.0,69.6
22027,7.0,7185.0,74.0
22029,7.0,6991.0,65.1
22031,2.0,8390.0,68.1
22033,2.0,55618.0,40.9
22035,7.0,4348.0,74.0
22037,2.0,7066.0,71.8
22039,6.0,12299.0,76.0
22041,7.0,8440.0,69.5
22043,3.0,5020.0,65.8
22045,4.0,18114.0,66.2
22047,2.0,10737.0,72.9
22049,6.0,6034.0,67.2
22051,1.0,79356.0,47.4
22053,6.0,9487.0,64.6
22055,3.0,25950.0,51.7
22057,3.0,21438.0,68.7
22059,6.0,4793.0,63.8
22061,4.0,7210.0,49.5
22063,2.0,10697.0,60.6
22065,7.0,5376.0,73.8
22067,6.0,11232.0,68.6
22069,6.0,10877.0,64.4
22071,1.0,184145.0,57.7
22073,3.0,30056.0,52.2
22075,1.0,7402.0,64.3
22077,2.0,7866.0,74.4
22079,3.0,33373.0,55.3
22081,6.0,3565.0,73.2
22083,6.0,7754.0,70.1
22085,6.0,6419.0,63.5
22087,1.0,14364.0,57.5
22089,1.0,7548.0,56.7
22091,2.0,3218.0,71.3
22093,6.0,5408.0,63.8
22095,1.0,6627.0,61.6
22097,4.0,28063.0,73.1
22099,3.0,11503.0,77.5
22101,4.0,17332.0,62.7
22103,1.0,16175.0,50.9
22105,4.0,20503.0,65.8
22107,9.0,3588.0,74.1
22109,3.0,21642.0,64.4
22111,3.0,7053.0,69.6
22113,4.0,16252.0,72.4
22115,4.0,8254.0,51.5
22117,6.0,13598.0,61.8
22119,6.0,13640.0,61.5
22121,2.0,4883.0,63.6
22123,9.0,5081.0,72.5
22125,2.0,4648.0,75.4
22127,6.0,6370.0,70.4
23001,3.0,27599.0,55.4
23003,7.0,23961.0,52.8
23005,2.0,37859.0,35.9
23007,6.0,5013.0,42.8
23009,6.0,8226.0,41.1
23011,4.0,23395.0,44.7
23013,7.0,7709.0,44.7
23015,8.0,4844.0,39.3
23017,6.0,10986.0,45.6
23019,3.0,27021.0,42.4
23021,8.0,4478.0,47.5
23023,2.0,5736.0,44.3
23025,6.0,11948.0,53.4
23027,6.0,6092.0,48.3
23029,7.0,9413.0,54.2
23031,2.0,29252.0,48.1
24001,3.0,25189.0,51.3
24003,1.0,67666.0,44.9
24005,1.0,162356.0,47.2
24009,1.0,6153.0,60.0
24011,6.0,7754.0,68.8
24013,1.0,24810.0,63.9
24015,1.0,15392.0,58.8
24017,1.0,10887.0,49.2
24019,6.0,12504.0,71.5
24021,1.0,25893.0,57.4
24023,6.0,7543.0,64.0
24025,1.0,26625.0,46.8
24027,1.0,12705.0,39.1
24029,6.0,5609.0,62.8
24031,1.0,58050.0,20.5
24033,1.0,105106.0,32.9
24035,1.0,7113.0,66.7
24037,4.0,9335.0,45.9
24039,3.0,8470.0,78.5
24041,6.0,8703.0,60.8
24043,3.0,31138.0,54.1
24045,3.0,18079.0,59.1
24047,4.0,9501.0,67.7
24510,1.0,326205.0,65.7
25001,3.0,16257.0,28.2
25003,3.0,37687.0,44.8
25005,1.0,156422.0,61.9
25007,7.0,1270.0,33.0
25009,1.0,146721.0,40.6
25011,2.0,13919.0,41.1
25013,2.0,117875.0,46.6
25015,2.0,26530.0,43.3
25017,1.0,266997.0,35.0
25019,7.0,764.0,33.7
25021,1.0,93892.0,28.2
25023,1.0,65403.0,37.0
25025,1.0,189536.0,46.7
25027,2.0,172072.0,48.6
26001,9.0,2626.0,60.8
26003,9.0,2538.0,53.9
26005,4.0,18225.0,53.7
26007,7.0,7686.0,50.2
26009,9.0,3469.0,49.7
26011,8.0,3693.0,61.3
26013,9.0,2480.0,57.3
26015,2.0,9303.0,45.6
26017,3.0,30885.0,52.2
26019,9.0,2317.0,46.8
26021,3.0,41668.0,47.9
26023,6.0,10334.0,50.8
26025,3.0,35671.0,46.8
26027,2.0,11752.0,50.3
26029,7.0,4131.0,47.0
26031,7.0,4430.0,50.6
26033,5.0,7186.0,45.9
26035,7.0,5330.0,56.7
26037,2.0,10559.0,44.7
26039,7.0,1655.0,48.3
26041,5.0,9670.0,50.6
26043,5.0,7066.0,50.0
26045,2.0,13095.0,38.1
26047,7.0,4200.0,42.9
26049,2.0,104183.0,47.7
26051,6.0,4378.0,58.5
26053,7.0,6355.0,50.3
26055,5.0,8599.0,40.5
26057,6.0,9048.0,45.9
26059,6.0,8499.0,43.4
26061,5.0,10201.0,54.7
26063,7.0,10697.0,58.2
26065,2.0,41554.0,35.0
26067,2.0,10716.0,47.5
26069,7.0,5279.0,42.4
26071,7.0,4605.0,51.7
26073,5.0,8027.0,45.9
26075,3.0,36525.0,47.8
26077,2.0,38850.0,39.3
26079,7.0,1663.0,56.7
26081,2.0,94415.0,45.0
26083,9.0,979.0,67.0
26085,8.0,2146.0,64.0
26087,1.0,12507.0,48.1
26089,9.0,2751.0,46.2
26091,4.0,19427.0,45.9
26093,1.0,12827.0,42.9
26095,7.0,2330.0,57.7
26097,7.0,2816.0,54.1
26099,1.0,136392.0,44.1
26101,7.0,5726.0,50.4
26103,5.0,12753.0,41.0
26105,7.0,6094.0,47.5
26107,6.0,5304.0,44.6
26109,7.0,7059.0,52.0
26111,4.0,10175.0,33.0
26113,9.0,2378.0,61.2
26115,3.0,32107.0,54.2
26117,6.0,10703.0,50.6
26119,9.0,1782.0,57.3
26121,3.0,42848.0,53.5
26123,2.0,8165.0,55.0
26125,1.0,170772.0,36.1
26127,8.0,4881.0,51.2
26129,9.0,3942.0,57.8
26131,9.0,2903.0,50.3
26133,7.0,4225.0,53.5
26135,9.0,1586.0,55.6
26137,7.0,2377.0,44.0
26139,3.0,30905.0,49.5
26141,7.0,4152.0,60.4
26143,7.0,3358.0,53.4
26145,3.0,53931.0,49.4
26147,1.0,30526.0,48.6
26149,4.0,11964.0,46.2
26151,6.0,9918.0,53.4
26153,7.0,2646.0,57.5
26155,4.0,14786.0,46.8
26157,6.0,13060.0,53.0
26159,2.0,15919.0,53.1
26161,2.0,34656.0,32.5
26163,1.0,757705.0,52.5
26165,7.0,5371.0,50.0
27001,8.0,4212.0,60.3
27003,1.0,24025.0,34.9
27005,6.0,7618.0,57.7
27007,7.0,6052.0,49.4
27009,3.0,4896.0,49.6
27011,9.0,2381.0,51.7
27013,5.0,9660.0,40.1
27015,7.0,8508.0,55.0
27017,2.0,7467.0,49.7
27019,1.0,7052.0,48.9
27021,9.0,6004.0,57.9
27023,7.0,4361.0,49.8
27025,1.0,4752.0,49.3
27027,3.0,7965.0,37.4
27029,8.0,3197.0,68.8
27031,9.0,846.0,42.1
27033,7.0,4515.0,52.2
27035,5.0,9823.0,50.5
27037,1.0,21236.0,32.0
27039,3.0,3376.0,47.6
27041,7.0,6717.0,52.3
27043,7.0,5923.0,49.1
27045,8.0,6613.0,51.8
27047,7.0,10105.0,48.8
27049,4.0,9234.0,47.4
27051,9.0,2534.0,55.2
27053,1.0,163079.0,32.1
27055,3.0,4898.0,52.8
27057,7.0,3370.0,53.8
27059,1.0,4945.0,56.6
27061,6.0,9641.0,50.3
27063,7.0,4196.0,51.8
27065,6.0,2983.0,54.6
27067,4.0,8757.0,51.2
27069,9.0,2312.0,56.9
27071,7.0,4785.0,53.1
27073,9.0,3705.0,55.3
27075,6.0,2881.0,41.9
27077,9.0,1135.0,51.5
27079,6.0,6158.0,53.4
27081,9.0,2852.0,59.5
27083,7.0,6167.0,50.5
27085,6.0,8329.0,54.4
27087,8.0,1836.0,62.0
27089,8.0,4547.0,62.4
27091,7.0,6790.0,48.2
27093,6.0,6022.0,56.7
27095,6.0,5012.0,56.4
27097,6.0,8560.0,62.3
27099,4.0,10134.0,42.8
27101,9.0,3846.0,56.4
27103,5.0,5240.0,44.0
27105,7.0,6603.0,53.0
27107,8.0,3739.0,61.1
27109,3.0,12722.0,29.8
27111,6.0,15572.0,57.4
27113,6.0,3845.0,53.6
27115,6.0,5737.0,58.8
27117,6.0,4119.0,58.2
27119,3.0,10380.0,54.8
27121,8.0,3591.0,54.2
27123,1.0,92136.0,37.4
27125,8.0,1679.0,60.0
27127,7.0,5929.0,52.7
27129,9.0,6747.0,56.0
27131,4.0,9478.0,46.5
27133,6.0,3504.0,56.5
27135,7.0,4005.0,63.3
27137,2.0,52475.0,43.5
27139,1.0,7332.0,47.9
27141,1.0,3895.0,44.2
27143,8.0,5724.0,63.7
27145,3.0,21852.0,51.7
27147,5.0,6524.0,45.3
27149,7.0,2548.0,45.6
27151,7.0,4206.0,56.2
27153,6.0,7529.0,61.0
27155,9.0,1895.0,52.6
27157,3.0,4964.0,51.9
27159,7.0,3895.0,57.7
27161,7.0,4560.0,49.9
27163,1.0,14038.0,35.7
27165,7.0,4114.0,53.8
27167,6.0,2656.0,52.8
27169,4.0,10626.0,47.3
27171,1.0,9983.0,50.4
27173,9.0,4211.0,51.2
28001,5.0,10686.0,56.8
28003,7.0,9888.0,64.0
28005,8.0,5045.0,71.2
28007,6.0,7186.0,67.2
28009,8.0,2832.0,75.4
28011,5.0,14708.0,68.9
28013,7.0,5619.0,68.9
28015,9.0,3529.0,73.4
28017,7.0,6052.0,68.6
28019,9.0,3163.0,68.6
28021,6.0,3116.0,67.3
28023,9.0,5525.0,67.3
28025,7.0,5709.0,61.3
28027,5.0,12960.0,68.8
28029,2.0,8240.0,64.9
28031,8.0,4756.0,65.3
28033,1.0,9502.0,56.9
28035,3.0,13359.0,46.8
28037,9.0,2986.0,66.8
28039,3.0,3933.0,62.4
28041,8.0,2718.0,62.9
28043,7.0,6509.0,63.2
28045,3.0,4875.0,53.5
28047,3.0,28393.0,45.3
28049,2.0,43686.0,40.8
28051,6.0,7957.0,72.0
28053,7.0,5091.0,76.3
28055,9.0,952.0,75.1
28057,7.0,6918.0,72.9
28059,3.0,18490.0,44.5
28061,9.0,5223.0,63.2
28063,7.0,3394.0,78.0
28065,8.0,4052.0,63.2
28067,4.0,17647.0,57.6
28069,9.0,3786.0,72.3
28071,6.0,5074.0,48.9
28073,3.0,4747.0,60.5
28075,5.0,19027.0,52.4
28077,8.0,3848.0,65.6
28079,6.0,6340.0,67.0
28081,5.0,13753.0,55.1
28083,5.0,12839.0,63.5
28085,6.0,8125.0,57.9
28087,5.0,12295.0,52.5
28089,2.0,8967.0,65.8
28091,6.0,7561.0,64.1
28093,1.0,7697.0,72.3
28095,7.0,11978.0,66.4
28097,7.0,4703.0,68.1
28099,7.0,7307.0,64.3
28101,7.0,6123.0,59.2
28103,7.0,4754.0,70.6
28105,5.0,5854.0,49.9
28107,6.0,9174.0,69.3
28109,6.0,7542.0,53.8
28111,3.0,2914.0,63.3
28113,7.0,10037.0,59.2
28115,7.0,6919.0,69.9
28117,7.0,7531.0,67.2
28119,6.0,5516.0,76.4
28121,2.0,13710.0,57.7
28123,6.0,7419.0,66.6
28125,9.0,2744.0,68.4
28127,2.0,7037.0,66.0
28129,8.0,4775.0,65.0
28131,3.0,2372.0,58.3
28133,5.0,12254.0,71.9
28135,7.0,6918.0,76.5
28137,1.0,5676.0,67.4
28139,7.0,5704.0,64.4
28141,8.0,5990.0,68.0
28143,1.0,4190.0,80.2
28145,7.0,7130.0,66.1
28147,9.0,4415.0,66.7
28149,4.0,12383.0,52.9
28151,5.0,21006.0,63.3
28153,7.0,5710.0,69.0
28155,9.0,3659.0,64.9
28157,8.0,4036.0,74.0
28159,7.0,6422.0,64.5
28161,7.0,4388.0,68.2
28163,6.0,9150.0,66.3
29001,7.0,5242.0,47.4
29003,3.0,3501.0,49.3
29005,9.0,2311.0,42.9
29007,6.0,7594.0,51.9
29009,6.0,7145.0,58.2
29011,6.0,3866.0,57.5
29013,1.0,5771.0,59.0
29015,9.0,4214.0,64.2
29017,9.0,4002.0,76.0
29019,3.0,11195.0,31.8
29021,3.0,25184.0,49.7
29023,7.0,13441.0,68.2
29025,1.0,2822.0,51.7
29027,3.0,8033.0,55.9
29029,7.0,4982.0,58.3
29031,5.0,13214.0,50.9
29033,6.0,4205.0,53.4
29035,9.0,1516.0,66.5
29037,1.0,8751.0,42.6
29039,6.0,3697.0,60.3
29041,9.0,3824.0,54.4
29043,2.0,4696.0,54.0
29045,9.0,2605.0,54.2
29047,1.0,23594.0,36.5
29049,1.0,3296.0,44.0
29051,3.0,11345.0,45.0
29053,6.0,4306.0,51.7
29055,6.0,5840.0,68.0
29057,8.0,2580.0,56.6
29059,2.0,3810.0,59.5
29061,8.0,2823.0,52.4
29063,3.0,2361.0,51.9
29065,7.0,4625.0,67.4
29067,6.0,3875.0,69.2
29069,7.0,13716.0,70.3
29071,1.0,18588.0,62.6
29073,6.0,5376.0,70.9
29075,8.0,2805.0,52.8
29077,2.0,34694.0,41.6
29079,7.0,4102.0,54.4
29081,7.0,3553.0,52.7
29083,6.0,6358.0,55.1
29085,8.0,2023.0,65.5
29087,8.0,2047.0,46.2
29089,3.0,3107.0,52.5
29091,7.0,8988.0,64.3
29093,6.0,3686.0,67.1
29095,1.0,158134.0,43.2
29097,3.0,23455.0,50.4
29099,1.0,29784.0,56.6
29101,4.0,6052.0,38.7
29103,9.0,1717.0,47.4
29105,6.0,7009.0,60.6
29107,1.0,7887.0,50.8
29109,6.0,8184.0,53.4
29111,9.0,2942.0,48.7
29113,1.0,6400.0,62.1
29115,7.0,5195.0,52.3
29117,6.0,4369.0,47.2
29119,2.0,4804.0,64.4
29121,7.0,5383.0,54.0
29123,7.0,3514.0,65.5
29125,8.0,2925.0,72.0
29127,5.0,8647.0,52.1
29129,9.0,1870.0,56.7
29131,6.0,5672.0,63.4
29133,7.0,6206.0,70.6
29135,3.0,3865.0,59.6
29137,9.0,3219.0,54.1
29139,8.0,4187.0,62.5
29141,8.0,3806.0,59.2
29143,7.0,8995.0,72.0
29145,3.0,9854.0,51.7
29147,6.0,4874.0,42.4
29149,9.0,3942.0,68.6
29151,3.0,3951.0,66.4
29153,9.0,2739.0,68.5
29155,7.0,10690.0,75.6
29157,7.0,6074.0,74.7
29159,4.0,10198.0,50.4
29161,5.0,7372.0,50.6
29163,6.0,5592.0,56.2
29165,1.0,5905.0,34.3
29167,2.0,5236.0,57.4
29169,5.0,6644.0,43.6
29171,9.0,2332.0,59.9
29173,9.0,2584.0,55.2
29175,6.0,7040.0,51.9
29177,1.0,5388.0,52.3
29179,9.0,2603.0,74.8
29181,9.0,4704.0,78.3
29183,1.0,20554.0,45.2
29185,8.0,3122.0,60.9
29186,6.0,4597.0,67.5
29187,4.0,13345.0,62.2
29189,1.0,202961.0,39.5
29195,6.0,7808.0,52.7
29197,9.0,1528.0,50.5
29199,9.0,1913.0,53.6
29201,5.0,10834.0,60.4
29203,9.0,2881.0,70.5
29205,9.0,2524.0,49.9
29207,7.0,10637.0,70.6
29209,8.0,3982.0,62.7
29211,9.0,2949.0,58.2
29213,6.0,4268.0,51.5
29215,9.0,6900.0,63.5
29217,7.0,6796.0,55.8
29219,1.0,3565.0,62.6
29221,1.0,5916.0,76.7
29223,9.0,3958.0,73.7
29225,2.0,5823.0,64.7
29227,9.0,1118.0,52.2
29229,6.0,5473.0,65.8
29510,1.0,237681.0,66.9
30001,7.0,1570.0,36.8
30003,6.0,2671.0,55.6
30005,9.0,1785.0,51.2
30007,9.0,569.0,40.2
30009,3.0,2184.0,49.5
30011,9.0,456.0,39.7
30013,3.0,14231.0,34.7
30015,8.0,1396.0,38.8
30017,7.0,2900.0,43.8
30019,9.0,866.0,48.0
30021,7.0,2695.0,47.1
30023,7.0,4594.0,51.3
30025,9.0,1106.0,53.0
30027,7.0,3031.0,42.4
30029,5.0,9033.0,42.9
30031,5.0,4356.0,29.4
30033,9.0,439.0,47.4
30035,7.0,2611.0,50.0
30037,8.0,222.0,41.7
30039,8.0,683.0,41.7
30041,7.0,3318.0,39.3
30043,9.0,1421.0,53.4
30045,8.0,569.0,36.6
30047,6.0,3433.0,43.1
30049,5.0,5397.0,30.4
30051,9.0,458.0,39.1
30053,7.0,4467.0,49.0
30055,9.0,732.0,48.0
30057,9.0,1225.0,41.2
30059,9.0,592.0,50.1
30061,8.0,651.0,40.8
30063,3.0,8887.0,31.5
30065,8.0,1200.0,53.6
30067,7.0,2869.0,42.6
30069,9.0,166.0,43.0
30071,9.0,1417.0,47.9
30073,7.0,1571.0,44.6
30075,9.0,606.0,42.3
30077,7.0,1699.0,45.1
30079,9.0,530.0,52.4
30081,6.0,3817.0,45.6
30083,7.0,2695.0,51.2
30085,7.0,2705.0,52.4
30087,9.0,1661.0,53.5
30089,8.0,1994.0,48.9
30091,9.0,1635.0,49.8
30093,5.0,10813.0,46.4
30095,8.0,1212.0,43.7
30097,9.0,804.0,43.7
30099,8.0,1645.0,47.0
30101,7.0,1224.0,38.2
30103,8.0,185.0,33.6
30105,7.0,2647.0,45.4
30107,9.0,642.0,43.1
30109,9.0,369.0,46.5
30111,3.0,16099.0,35.7
30113,7.0,6.0,23.1
31001,5.0,6767.0,39.1
31003,9.0,2649.0,50.0
31005,9.0,102.0,38.1
31007,9.0,255.0,39.8
31009,9.0,169.0,34.6
31011,9.0,2301.0,49.3
31013,7.0,2381.0,40.6
31015,9.0,1237.0,54.4
31017,9.0,1118.0,45.8
31019,5.0,6064.0,40.0
31021,8.0,2552.0,44.8
31023,6.0,3054.0,54.4
31025,2.0,4071.0,40.4
31027,9.0,3386.0,53.2
31029,9.0,1176.0,46.6
31031,7.0,1817.0,46.0
31033,7.0,2324.0,39.0
31035,9.0,2272.0,46.7
31037,7.0,3342.0,57.8
31039,7.0,3646.0,53.7
31041,7.0,3848.0,44.6
31043,3.0,3136.0,46.5
31045,7.0,2011.0,41.9
31047,7.0,4841.0,43.3
31049,9.0,797.0,46.8
31051,3.0,2081.0,47.5
31053,4.0,8158.0,42.3
31055,2.0,74508.0,36.9
31057,9.0,901.0,47.4
31059,9.0,2109.0,42.2
31061,9.0,1630.0,53.4
31063,9.0,1048.0,45.7
31065,9.0,2222.0,49.4
31067,6.0,7204.0,47.5
31069,9.0,801.0,43.5
31071,9.0,805.0,51.8
31073,9.0,611.0,47.5
31075,9.0,139.0,29.8
31077,9.0,1054.0,46.0
31079,5.0,9379.0,40.0
31081,7.0,2012.0,40.4
31083,9.0,1162.0,42.2
31085,9.0,388.0,42.4
31087,9.0,1144.0,46.2
31089,7.0,3480.0,48.3
31091,9.0,267.0,41.3
31093,9.0,1829.0,48.1
31095,7.0,3332.0,51.5
31097,8.0,1840.0,52.4
31099,7.0,1562.0,39.1
31101,7.0,1984.0,41.3
31103,9.0,297.0,41.1
31105,6.0,1167.0,36.2
31107,9.0,3657.0,53.3
31109,2.0,23922.0,28.1
31111,5.0,6477.0,39.6
31113,9.0,315.0,52.2
31115,9.0,285.0,52.2
31117,9.0,162.0,50.0
31119,5.0,7096.0,45.8
31121,7.0,2248.0,45.6
31123,9.0,1780.0,51.4
31125,9.0,1726.0,55.0
31127,7.0,2057.0,40.5
31129,9.0,2150.0,47.6
31131,6.0,4457.0,47.1
31133,9.0,1349.0,46.2
31135,9.0,960.0,45.5
31137,7.0,2212.0,38.9
31139,9.0,2590.0,52.7
31141,5.0,6102.0,44.1
31143,9.0,1734.0,43.2
31145,7.0,2857.0,41.0
31147,7.0,3815.0,49.1
31149,9.0,714.0,51.0
31151,6.0,3663.0,47.7
31153,2.0,7413.0,26.3
31155,2.0,4650.0,47.7
31157,5.0,8452.0,44.3
31159,2.0,3516.0,46.7
31161,9.0,2006.0,46.5
31163,9.0,1594.0,57.8
31165,9.0,558.0,47.0
31167,9.0,1780.0,55.1
31169,9.0,2434.0,49.6
31171,9.0,242.0,46.4
31173,8.0,2005.0,54.9
31175,9.0,1848.0,51.8
31177,2.0,3068.0,42.3
31179,6.0,2243.0,45.6
31181,9.0,1696.0,49.7
31183,9.0,305.0,52.4
31185,7.0,3205.0,41.0
32001,6.0,2282.0,41.4
32003,1.0,50444.0,34.8
32005,4.0,1254.0,29.8
32007,5.0,3197.0,42.3
32009,9.0,198.0,61.9
32011,9.0,225.0,39.9
32013,7.0,1799.0,48.9
32015,7.0,523.0,37.3
32017,8.0,575.0,42.6
32019,6.0,1963.0,43.6
32021,7.0,1602.0,44.0
32023,6.0,1299.0,40.6
32027,8.0,680.0,42.9
32029,2.0,157.0,38.7
32031,2.0,21357.0,31.3
32033,7.0,2394.0,45.5
32510,3.0,2271.0,26.1
33001,4.0,8154.0,44.2
33003,8.0,4074.0,36.8
33005,4.0,12161.0,43.0
33007,7.0,10610.0,54.7
33009,5.0,11303.0,39.2
33011,2.0,53794.0,44.8
33013,4.0,18162.0,40.0
33015,1.0,25312.0,34.6
33017,1.0,16660.0,46.8
33019,7.0,8479.0,48.5
34001,2.0,59066.0,55.6
34003,1.0,211120.0,39.9
34005,1.0,63249.0,40.4
34007,1.0,127937.0,50.9
34009,3.0,20540.0,54.8
34011,3.0,40114.0,60.0
34013,1.0,270323.0,50.7
34015,1.0,46703.0,51.3
34017,1.0,231977.0,63.7
34019,1.0,17043.0,43.4
34021,2.0,81073.0,47.2
34023,1.0,140034.0,45.0
34025,1.0,99109.0,39.9
34027,1.0,69049.0,33.0
34029,1.0,62302.0,50.8
34031,1.0,148632.0,55.9
34033,1.0,18392.0,55.2
34035,1.0,40276.0,36.7
34037,1.0,18179.0,42.7
34039,1.0,138789.0,43.0
34041,2.0,21591.0,51.5
35001,2.0,52357.0,33.8
35003,9.0,726.0,56.9
35005,5.0,10355.0,47.0
35006,6.0,16711.331206126357,55.301340140395546
35007,7.0,3499.0,53.2
35009,5.0,7735.0,42.1
35011,9.0,979.0,63.2
35013,3.0,13849.0,45.8
35015,5.0,11076.0,51.5
35017,7.0,5586.0,51.5
35019,7.0,1521.0,65.1
35021,9.0,434.0,59.0
35023,7.0,1442.0,61.0
35025,5.0,12721.0,49.9
35027,7.0,2118.0,48.5
35028,6.0,942.0,11.8
35029,6.0,3633.0,59.9
35031,4.0,10708.0,60.3
35033,8.0,1643.0,74.5
35035,4.0,6407.0,35.0
35037,7.0,3308.0,54.7
35039,6.0,7281.0,64.9
35041,7.0,3740.0,48.7
35043,2.0,4755.0,60.6
35045,3.0,11509.0,49.1
35047,6.0,6460.0,63.2
35049,3.0,10575.0,39.5
35051,6.0,2974.0,63.2
35053,6.0,2488.0,54.8
35055,7.0,5137.0,61.3
35057,2.0,1732.0,61.4
35059,9.0,1420.0,49.9
35061,2.0,10098.0,55.2
36001,2.0,70521.0,43.6
36003,7.0,9685.0,42.2
36005,1.0,505578.0,60.3
36007,2.0,49881.0,40.5
36009,4.0,20787.0,47.7
36011,4.0,20246.0,48.3
36013,4.0,38681.0,46.9
36015,3.0,22497.0,41.2
36017,6.0,11566.0,46.2
36019,5.0,17406.0,49.7
36021,6.0,14920.0,49.7
36023,4.0,10158.0,43.9
36025,6.0,11271.0,45.1
36027,2.0,52120.0,42.0
36029,1.0,304365.0,49.6
36031,6.0,9546.0,49.5
36033,5.0,12512.0,55.3
36035,4.0,16860.0,55.1
36037,4.0,13951.0,44.2
36039,6.0,9893.0,50.3
36041,8.0,1481.0,51.9
36043,2.0,20057.0,52.3
36045,4.0,22290.0,46.6
36047,1.0,877093.0,58.8
36049,6.0,6435.0,53.5
36051,1.0,13241.0,47.8
36053,2.0,13662.0,44.4
36055,1.0,162315.0,42.2
36057,4.0,18637.0,55.1
36059,1.0,271540.0,34.2
36061,1.0,468098.0,45.4
36063,1.0,63193.0,49.5
36065,2.0,74294.0,49.6
36067,2.0,99479.0,39.9
36069,1.0,17791.0,41.8
36071,2.0,54856.0,45.4
36073,1.0,10936.0,54.7
36075,2.0,26475.0,52.5
36077,6.0,13056.0,44.0
36079,1.0,9983.0,32.9
36081,1.0,607049.0,48.4
36083,2.0,40946.0,49.8
36085,1.0,77020.0,47.7
36087,1.0,43642.0,36.1
36089,5.0,26897.0,48.9
36091,2.0,27105.0,42.7
36093,2.0,37374.0,39.9
36095,2.0,6399.0,48.4
36097,6.0,4248.0,47.2
36099,6.0,10043.0,49.8
36101,4.0,24707.0,45.5
36103,1.0,238771.0,41.0
36105,4.0,15264.0,49.7
36107,2.0,9158.0,38.5
36109,3.0,10022.0,28.6
36111,3.0,35378.0,45.5
36113,3.0,11620.0,43.1
36115,3.0,13815.0,49.5
36117,1.0,22169.0,51.9
36119,1.0,188188.0,35.5
36121,6.0,10377.0,50.2
36123,6.0,4911.0,46.0
37001,3.0,32349.0,61.4
37003,2.0,7740.0,73.9
37005,9.0,3507.0,71.9
37007,1.0,8632.0,69.8
37009,9.0,8321.0,74.2
37011,8.0,4610.0,68.7
37013,6.0,12804.0,65.2
37015,9.0,8053.0,76.0
37017,6.0,9724.0,72.3
37019,2.0,8842.0,70.5
37021,2.0,45368.0,53.3
37023,2.0,22570.0,67.6
37025,1.0,29176.0,69.7
37027,2.0,20419.0,69.4
37029,8.0,2164.0,74.8
37031,4.0,10261.0,59.7
37033,8.0,7139.0,75.0
37035,2.0,29514.0,60.4
37037,2.0,10437.0,65.8
37039,9.0,6754.0,72.1
37041,7.0,3885.0,67.8
37043,9.0,2306.0,75.7
37045,4.0,25270.0,66.2
37047,6.0,17053.0,70.3
37049,5.0,14679.0,52.6
37051,2.0,37017.0,44.9
37053,1.0,2921.0,73.6
37055,5.0,2782.0,66.5
37057,4.0,36528.0,70.0
37059,2.0,7589.0,71.3
37061,6.0,13377.0,66.4
37063,2.0,36715.0,52.8
37065,3.0,18273.0,69.9
37067,2.0,62862.0,54.4
37069,2.0,10696.0,74.8
37071,1.0,56245.0,71.0
37073,8.0,3510.0,76.7
37075,9.0,2756.0,76.6
37077,6.0,12382.0,71.5
37079,3.0,5208.0,72.6
37081,2.0,84297.0,55.2
37083,4.0,19580.0,70.4
37085,4.0,18012.0,71.6
37087,2.0,15579.0,64.3
37089,2.0,14450.0,56.9
37091,7.0,8003.0,66.4
37093,2.0,5213.0,70.6
37095,9.0,2323.0,77.3
37097,4.0,26328.0,66.2
37099,6.0,7074.0,66.5
37101,2.0,23205.0,69.4
37103,8.0,3420.0,68.8
37105,4.0,10006.0,61.9
37107,4.0,18419.0,64.4
37109,4.0,12767.0,71.4
37111,6.0,12005.0,70.7
37113,7.0,6520.0,68.5
37115,2.0,6633.0,72.3
37117,6.0,9240.0,72.4
37119,1.0,86382.0,46.4
37121,9.0,5463.0,68.7
37123,6.0,7302.0,70.4
37125,4.0,12868.0,61.1
37127,3.0,20764.0,67.2
37129,2.0,22408.0,50.0
37131,9.0,9062.0,76.5
37133,3.0,15368.0,47.3
37135,2.0,10965.0,42.4
37137,9.0,3744.0,72.6
37139,7.0,8561.0,62.6
37141,2.0,6779.0,70.8
37143,9.0,3007.0,63.9
37145,2.0,9668.0,70.0
37147,3.0,21560.0,61.7
37149,8.0,4418.0,62.5
37151,2.0,29789.0,70.7
37153,4.0,14840.0,70.4
37155,4.0,28166.0,71.8
37157,2.0,27961.0,69.2
37159,4.0,34848.0,67.4
37161,4.0,18720.0,69.5
37163,6.0,16096.0,67.5
37165,6.0,8511.0,67.4
37167,6.0,16000.0,65.9
37169,2.0,9524.0,72.3
37171,4.0,20192.0,69.4
37173,8.0,3120.0,70.6
37175,6.0,5649.0,54.1
37177,9.0,1695.0,81.4
37179,1.0,18914.0,67.0
37181,4.0,11802.0,68.4
37183,2.0,54276.0,46.4
37185,8.0,5953.0,71.0
37187,7.0,4431.0,63.5
37189,6.0,6565.0,61.4
37191,3.0,25120.0,59.6
37193,6.0,19246.0,71.3
37195,4.0,19607.0,66.3
37197,2.0,10050.0,70.5
37199,8.0,5416.0,74.7
38001,9.0,1110.0,52.3
38003,6.0,3920.0,49.6
38005,9.0,2620.0,60.4
38007,9.0,424.0,70.1
38009,9.0,2879.0,53.6
38011,9.0,994.0,47.1
38013,9.0,1611.0,58.9
38015,3.0,8259.0,40.3
38017,3.0,12900.0,35.4
38019,9.0,2432.0,53.4
38021,9.0,2197.0,54.3
38023,9.0,1425.0,54.3
38025,9.0,1616.0,65.6
38027,9.0,1306.0,56.0
38029,8.0,2515.0,69.5
38031,9.0,1361.0,53.4
38033,9.0,750.0,52.3
38035,3.0,9869.0,36.5
38037,8.0,1765.0,65.8
38039,9.0,1477.0,58.5
38041,9.0,1524.0,57.4
38043,8.0,1581.0,67.0
38045,9.0,2367.0,57.8
38047,9.0,1773.0,77.8
38049,9.0,2792.0,56.4
38051,9.0,2445.0,73.8
38053,9.0,1797.0,54.7
38055,8.0,3537.0,56.1
38057,6.0,2558.0,72.5
38059,3.0,6125.0,59.7
38061,9.0,2503.0,54.0
38063,8.0,2077.0,57.5
38065,8.0,844.0,71.6
38067,9.0,3279.0,53.6
38069,7.0,2012.0,58.5
38071,7.0,3327.0,47.7
38073,8.0,2184.0,51.3
38075,9.0,1034.0,48.4
38077,6.0,5023.0,53.2
38079,9.0,3198.0,64.4
38081,9.0,1845.0,55.8
38083,9.0,1334.0,69.3
38085,8.0,919.0,60.5
38087,9.0,364.0,50.6
38089,7.0,5114.0,57.0
38091,8.0,1007.0,46.5
38093,7.0,7158.0,54.9
38095,9.0,1355.0,51.4
38097,8.0,2624.0,47.6
38099,6.0,5649.0,60.6
38101,5.0,10203.0,37.8
38103,9.0,2513.0,56.6
38105,7.0,4656.0,46.3
39001,6.0,7177.0,66.8
39003,3.0,27480.0,46.8
39005,4.0,9791.0,43.1
39007,4.0,25537.0,48.1
39009,4.0,9833.0,42.2
39011,4.0,9407.0,46.0
39013,3.0,26463.0,55.4
39015,1.0,8536.0,58.8
39017,1.0,59777.0,52.2
39019,2.0,6072.0,52.0
39021,6.0,7846.0,47.2
39023,3.0,41310.0,49.2
39025,1.0,27112.0,56.7
39027,6.0,7393.0,44.5
39029,4.0,32157.0,53.0
39031,6.0,9200.0,48.2
39033,4.0,12096.0,44.3
39035,1.0,448233.0,46.4
39037,6.0,13406.0,50.0
39039,4.0,8277.0,45.3
39041,1.0,8507.0,38.7
39043,3.0,17375.0,43.1
39045,1.0,17592.0,44.4
39047,6.0,7625.0,53.0
39049,1.0,165662.0,38.9
39051,2.0,7351.0,42.9
39053,6.0,8882.0,62.0
39055,1.0,12199.0,38.1
39057,2.0,22949.0,37.6
39059,6.0,11945.0,53.7
39061,1.0,244457.0,49.1
39063,4.0,12013.0,36.7
39065,6.0,7394.0,46.4
39067,6.0,5226.0,53.3
39069,6.0,6802.0,47.0
39071,6.0,8837.0,53.4
39073,6.0,6124.0,54.7
39075,7.0,7482.0,66.4
39077,4.0,11389.0,44.2
39079,7.0,9085.0,60.1
39081,3.0,29570.0,54.1
39083,4.0,9230.0,40.3
39085,1.0,40305.0,39.7
39087,2.0,17520.0,56.3
39089,1.0,25280.0,44.1
39091,4.0,8850.0,44.8
39093,1.0,61133.0,47.4
39095,2.0,126658.0,48.3
39097,1.0,8350.0,54.1
39099,2.0,83044.0,49.0
39101,4.0,16338.0,46.9
39103,1.0,17125.0,40.4
39105,6.0,6840.0,60.3
39107,7.0,9079.0,51.2
39109,2.0,20280.0,44.5
39111,8.0,4805.0,55.0
39113,2.0,143204.0,44.5
39115,6.0,3659.0,52.2
39117,1.0,5164.0,45.4
39119,4.0,21041.0,50.0
39121,6.0,3170.0,54.2
39123,2.0,9848.0,48.3
39125,6.0,4692.0,48.1
39127,6.0,8296.0,56.2
39129,1.0,10052.0,47.4
39131,7.0,6280.0,61.7
39133,2.0,24511.0,43.2
39135,2.0,9387.0,50.5
39137,6.0,7118.0,47.8
39139,3.0,33569.0,48.8
39141,4.0,18941.0,55.2
39143,4.0,14392.0,45.2
39145,4.0,26017.0,60.0
39147,4.0,14128.0,45.3
39149,4.0,9341.0,48.6
39151,2.0,96721.0,47.6
39153,2.0,133153.0,44.6
39155,2.0,57843.0,46.5
39157,4.0,21627.0,50.0
39159,1.0,5889.0,45.1
39161,6.0,6920.0,42.5
39163,9.0,3166.0,61.5
39165,1.0,22689.0,54.6
39167,3.0,13735.0,44.8
39169,4.0,20628.0,46.4
39171,7.0,7930.0,43.4
39173,2.0,17030.0,40.2
39175,7.0,5290.0,45.2
40001,6.0,6094.0,73.7
40003,9.0,2058.0,42.9
40005,7.0,4784.0,74.1
40007,9.0,1869.0,49.5
40009,7.0,6051.0,59.8
40011,6.0,3993.0,55.3
40013,6.0,8799.0,59.2
40015,6.0,9965.0,61.0
40017,1.0,7304.0,42.0
40019,5.0,11962.0,53.7
40021,6.0,7168.0,62.4
40023,7.0,6412.0,71.3
40025,9.0,1079.0,45.4
40027,1.0,13630.0,35.5
40029,9.0,2267.0,68.2
40031,3.0,16811.0,37.9
40033,6.0,2475.0,58.2
40035,6.0,5354.0,56.8
40037,2.0,15667.0,60.5
40039,7.0,5142.0,44.4
40041,6.0,6890.0,64.2
40043,9.0,2034.0,55.8
40045,9.0,1820.0,55.4
40047,5.0,13022.0,41.4
40049,6.0,9195.0,60.6
40051,1.0,9798.0,56.5
40053,9.0,1950.0,41.3
40055,7.0,3095.0,60.1
40057,9.0,2033.0,63.4
40059,9.0,1477.0,47.2
40061,6.0,4153.0,73.0
40063,7.0,5747.0,67.1
40065,5.0,6895.0,45.0
40067,8.0,2904.0,62.2
40069,7.0,3354.0,71.8
40071,5.0,12195.0,41.8
40073,6.0,3746.0,49.7
40075,6.0,4510.0,56.2
40077,7.0,3135.0,66.5
40079,2.0,12532.0,67.2
40081,1.0,6807.0,57.7
40083,1.0,5930.0,53.2
40085,9.0,2211.0,64.8
40087,1.0,4991.0,60.3
40089,7.0,11048.0,70.3
40091,6.0,5081.0,66.9
40093,9.0,2407.0,51.8
40095,6.0,3168.0,63.7
40097,6.0,8066.0,58.4
40099,7.0,4115.0,61.8
40101,4.0,19203.0,56.1
40103,6.0,3119.0,50.9
40105,6.0,3983.0,64.2
40107,6.0,4194.0,66.4
40109,1.0,111631.0,39.3
40111,2.0,12223.0,59.7
40113,2.0,9607.0,53.6
40115,6.0,9006.0,52.7
40117,2.0,4107.0,57.6
40119,4.0,8718.0,38.3
40121,5.0,13429.0,59.2
40123,7.0,8866.0,54.4
40125,4.0,13476.0,53.8
40127,9.0,3900.0,69.1
40129,9.0,1764.0,62.0
40131,2.0,8459.0,52.7
40133,7.0,9591.0,62.7
40135,2.0,8433.0,67.3
40137,4.0,11439.0,52.3
40139,7.0,3845.0,45.4
40141,6.0,4454.0,59.0
40143,2.0,85134.0,38.6
40145,2.0,7281.0,59.7
40147,4.0,8032.0,32.1
40149,7.0,4123.0,55.6
40151,7.0,3062.0,45.4
40153,7.0,4465.0,48.2
41001,7.0,4074.0,46.4
41003,3.0,5939.0,25.1
41005,1.0,32953.0,36.3
41007,4.0,7562.0,45.1
41009,1.0,7519.0,47.9
41011,5.0,15521.0,50.1
41013,6.0,2635.0,46.3
41015,7.0,3616.0,48.0
41017,3.0,6685.0,38.5
41019,4.0,19230.0,49.3
41021,9.0,379.0,29.9
41023,9.0,1852.0,46.1
41025,7.0,1837.0,45.2
41027,6.0,3545.0,46.2
41029,3.0,22996.0,42.9
41031,6.0,1954.0,43.8
41033,4.0,10718.0,49.6
41035,5.0,10865.0,40.3
41037,7.0,1579.0,44.0
41039,2.0,42092.0,38.1
41041,4.0,7358.0,46.1
41043,4.0,17778.0,46.2
41045,6.0,5554.0,45.4
41047,2.0,32382.0,38.9
41049,6.0,1041.0,40.3
41051,1.0,125132.0,39.0
41053,2.0,7836.0,41.7
41055,9.0,507.0,39.9
41057,6.0,5174.0,49.4
41059,5.0,10880.0,42.9
41061,7.0,4302.0,40.9
41063,9.0,1492.0,39.8
41065,6.0,4990.0,42.5
41067,1.0,23670.0,28.3
41069,9.0,521.0,47.9
41071,1.0,9789.0,44.6
42001,4.0,16667.0,56.1
42003,1.0,420114.0,45.2
42005,1.0,24294.0,56.0
42007,1.0,59192.0,50.4
42009,6.0,13137.0,55.2
42011,2.0,99849.0,56.7
42013,3.0,40088.0,51.0
42015,6.0,13582.0,44.2
42017,1.0,87236.0,40.9
42019,1.0,30251.0,44.6
42021,3.0,57055.0,54.8
42023,7.0,1826.0,46.5
42025,2.0,17347.0,56.2
42027,3.0,14693.0,33.8
42029,1.0,55814.0,37.9
42031,6.0,10129.0,50.2
42033,4.0,23577.0,55.4
42035,6.0,9663.0,46.9
42037,4.0,14715.0,47.5
42039,4.0,19181.0,43.0
42041,2.0,33563.0,39.4
42043,2.0,60811.0,46.8
42045,1.0,132765.0,39.6
42047,7.0,9681.0,47.7
42049,2.0,58432.0,41.6
42051,1.0,51175.0,57.6
42053,9.0,1586.0,53.4
42055,4.0,29864.0,53.7
42057,8.0,3806.0,64.7
42059,6.0,12369.0,60.2
42061,6.0,11701.0,53.7
42063,4.0,20222.0,49.6
42065,7.0,13550.0,52.8
42067,6.0,5380.0,58.1
42069,2.0,73954.0,52.0
42071,2.0,97325.0,56.1
42073,4.0,30147.0,49.8
42075,3.0,29732.0,52.9
42077,2.0,75960.0,50.5
42079,2.0,111859.0,53.1
42081,3.0,28233.0,44.9
42083,7.0,13384.0,45.0
42085,2.0,30136.0,43.5
42087,4.0,13576.0,53.4
42089,4.0,11593.0,44.4
42091,1.0,130465.0,36.8
42093,6.0,5302.0,52.9
42095,2.0,67682.0,54.5
42097,4.0,32687.0,54.4
42099,2.0,8698.0,54.8
42101,1.0,674138.0,60.1
42103,1.0,3435.0,46.1
42105,9.0,4469.0,49.5
42107,4.0,55832.0,56.1
42109,7.0,8880.0,57.3
42111,4.0,25838.0,58.7
42113,8.0,1702.0,50.3
42115,6.0,9068.0,47.6
42117,6.0,9623.0,47.4
42119,4.0,7607.0,49.2
42121,4.0,17399.0,49.0
42123,6.0,12358.0,44.9
42125,1.0,62542.0,51.4
42127,6.0,9325.0,52.7
42129,1.0,103430.0,47.9
42131,2.0,4616.0,44.3
42133,2.0,84974.0,55.2
44001,1.0,11904.0,47.5
44003,1.0,37448.0,48.0
44005,1.0,18902.0,43.0
44007,1.0,195373.0,58.0
44009,1.0,17462.0,43.4
45001,6.0,8035.0,71.5
45003,2.0,26495.0,56.6
45005,6.0,3414.0,70.2
45007,3.0,39670.0,68.3
45009,7.0,5384.0,72.5
45011,6.0,6075.0,71.1
45013,5.0,9206.0,49.7
45015,2.0,14715.0,60.7
45017,2.0,3906.0,73.1
45019,2.0,57033.0,49.6
45021,4.0,14138.0,73.1
45023,6.0,11309.0,72.9
45025,6.0,12004.0,71.5
45027,6.0,8997.0,78.3
45029,6.0,10226.0,73.8
45031,3.0,17847.0,67.8
45033,6.0,9289.0,70.4
45035,2.0,8737.0,56.0
45037,2.0,5474.0,72.4
45039,2.0,7035.0,73.0
45041,3.0,28768.0,64.4
45043,4.0,11129.0,71.4
45045,2.0,74102.0,57.8
45047,4.0,17413.0,64.5
45049,6.0,5665.0,72.1
45051,3.0,21931.0,62.8
45053,6.0,4298.0,75.0
45055,2.0,10454.0,59.7
45057,4.0,15434.0,69.4
45059,2.0,19437.0,73.8
45061,6.0,6005.0,72.1
45063,2.0,25447.0,55.8
45065,8.0,2881.0,76.6
45067,6.0,10082.0,68.3
45069,6.0,9862.0,74.9
45071,6.0,11279.0,68.9
45073,6.0,16339.0,74.0
45075,4.0,22424.0,67.4
45077,2.0,18943.0,64.4
45079,2.0,49856.0,46.7
45081,2.0,5418.0,71.3
45083,2.0,61085.0,64.8
45085,3.0,20283.0,57.6
45087,6.0,11384.0,72.2
45089,6.0,11370.0,74.1
45091,1.0,28278.0,66.3
46003,9.0,1241.0,54.0
46005,7.0,4820.0,42.2
46007,9.0,773.0,52.0
46009,9.0,2620.0,55.9
46011,7.0,3817.0,39.0
46013,5.0,7706.0,42.2
46015,9.0,1548.0,48.2
46017,9.0,442.0,64.4
46019,6.0,1973.0,44.7
46021,9.0,932.0,59.6
46023,9.0,3168.0,57.8
46025,9.0,1846.0,54.4
46027,6.0,1734.0,33.1
46029,7.0,4835.0,46.3
46031,9.0,1470.0,62.6
46033,8.0,1164.0,43.1
46035,7.0,4267.0,46.0
46037,9.0,2835.0,55.8
46039,9.0,1805.0,54.4
46041,9.0,1373.0,59.0
46043,9.0,1703.0,66.7
46045,9.0,1976.0,63.7
46047,7.0,2473.0,50.2
46049,9.0,1080.0,49.9
46051,7.0,2869.0,57.4
46053,9.0,2253.0,57.4
46055,8.0,542.0,37.4
46057,9.0,1653.0,53.6
46059,9.0,1499.0,46.6
46061,8.0,1159.0,56.8
46063,9.0,527.0,52.6
46065,7.0,1988.0,32.8
46067,8.0,4005.0,64.9
46069,9.0,673.0,48.9
46071,8.0,767.0,53.0
46073,9.0,1074.0,55.9
46075,9.0,496.0,50.3
46077,9.0,2318.0,50.2
46079,6.0,2603.0,43.4
46081,6.0,3759.0,43.4
46083,3.0,3404.0,50.0
46085,9.0,1175.0,54.6
46087,3.0,2142.0,52.3
46089,9.0,2074.0,71.3
46091,9.0,1991.0,58.0
46093,3.0,2860.0,36.2
46095,9.0,537.0,45.3
46097,8.0,1394.0,52.7
46099,3.0,18237.0,37.5
46101,8.0,1929.0,47.8
46102,7.0,2153.0,67.3
46103,3.0,9924.0,34.6
46105,9.0,1373.0,51.0
46107,9.0,1258.0,53.0
46109,9.0,3919.0,60.8
46111,9.0,1116.0,52.9
46115,7.0,2990.0,48.4
46117,9.0,637.0,51.1
46119,9.0,550.0,45.0
46121,9.0,1610.0,60.0
46123,7.0,2214.0,49.7
46125,3.0,3191.0,53.0
46127,3.0,2813.0,51.3
46129,7.0,2251.0,52.0
46135,7.0,4858.0,47.3
46137,9.0,703.0,61.3
47001,2.0,15196.0,45.3
47003,6.0,8804.0,60.8
47005,7.0,5032.0,69.2
47007,8.0,2950.0,74.3
47009,2.0,19507.0,54.2
47011,3.0,16281.0,61.6
47013,6.0,11482.0,78.5
47015,1.0,3707.0,73.9
47017,6.0,10711.0,69.7
47019,3.0,15094.0,63.1
47021,1.0,4727.0,65.9
47023,3.0,3998.0,73.4
47025,6.0,8037.0,76.0
47027,8.0,3115.0,81.8
47029,6.0,10027.0,74.0
47031,4.0,9624.0,53.8
47033,8.0,5731.0,69.4
47035,7.0,8158.0,73.4
47037,1.0,119190.0,49.2
47039,9.0,4129.0,72.2
47041,6.0,4910.0,73.6
47043,1.0,8612.0,69.3
47045,5.0,12482.0,71.7
47047,1.0,7876.0,76.8
47049,9.0,5353.0,81.2
47051,6.0,8604.0,58.3
47053,4.0,17681.0,63.6
47055,6.0,8521.0,65.2
47057,3.0,5935.0,77.8
47059,6.0,17426.0,65.6
47061,8.0,4677.0,81.4
47063,3.0,12635.0,60.1
47065,2.0,70526.0,49.6
47067,8.0,3107.0,84.0
47069,6.0,9082.0,74.0
47071,6.0,7439.0,71.2
47073,3.0,12964.0,69.3
47075,6.0,7348.0,74.7
47077,6.0,7701.0,76.4
47079,7.0,9281.0,63.9
47081,1.0,5396.0,76.8
47083,8.0,2476.0,73.9
47085,6.0,4761.0,62.1
47087,8.0,4175.0,85.7
47089,3.0,8571.0,63.7
47091,6.0,4939.0,74.9
47093,2.0,73974.0,49.0
47095,9.0,3197.0,78.1
47097,6.0,8505.0,76.5
47099,6.0,11883.0,72.6
47101,6.0,2707.0,71.5
47103,6.0,9002.0,64.2
47105,2.0,9260.0,66.3
47107,4.0,12723.0,64.1
47109,6.0,7759.0,71.7
47111,1.0,6089.0,81.7
47113,3.0,19965.0,56.1
47115,2.0,7841.0,72.3
47117,6.0,6543.0,63.5
47119,4.0,14844.0,61.4
47121,8.0,2116.0,75.5
47123,6.0,9470.0,75.1
47125,3.0,14815.0,52.3
47127,9.0,1447.0,68.8
47129,6.0,5167.0,71.5
47131,7.0,11429.0,64.2
47133,7.0,6876.0,80.8
47135,8.0,2465.0,75.3
47137,9.0,1746.0,79.9
47139,3.0,4547.0,70.1
47141,4.0,12475.0,67.7
47143,6.0,6244.0,67.6
47145,4.0,13292.0,61.7
47147,1.0,10481.0,63.7
47149,1.0,15745.0,52.7
47151,6.0,6007.0,78.8
47153,2.0,2383.0,71.5
47155,4.0,10679.0,66.8
47157,1.0,181476.0,49.7
47159,1.0,5473.0,72.7
47161,3.0,3333.0,75.7
47163,3.0,38445.0,53.9
47165,1.0,17930.0,58.4
47167,1.0,10017.0,71.2
47169,1.0,2301.0,75.5
47171,3.0,5845.0,67.1
47173,2.0,3925.0,80.6
47175,9.0,1632.0,79.0
47177,6.0,10015.0,65.9
47179,3.0,23398.0,57.3
47181,8.0,5229.0,77.7
47183,7.0,10928.0,67.0
47185,7.0,6986.0,74.1
47187,1.0,10365.0,55.0
47189,1.0,12562.0,60.5
48001,5.0,10833.0,63.6
48003,6.0,2666.0,48.8
48005,5.0,16446.0,61.6
48007,2.0,2892.0,55.1
48009,3.0,1866.0,54.8
48011,3.0,698.0,57.2
48013,1.0,6483.0,66.7
48015,1.0,6388.0,73.0
48017,7.0,2434.0,55.4
48019,1.0,1823.0,58.9
48021,1.0,7460.0,73.0
48023,6.0,2298.0,66.4
48025,4.0,6393.0,60.0
48027,2.0,26673.0,49.4
48029,1.0,211225.0,52.7
48031,8.0,1541.0,66.9
48033,9.0,246.0,54.5
48035,6.0,4985.0,64.9
48037,3.0,20575.0,53.9
48039,1.0,26117.0,46.7
48041,3.0,11589.0,45.5
48043,7.0,1668.0,50.3
48045,9.0,914.0,56.6
48047,6.0,2714.0,68.7
48049,5.0,9187.0,58.0
48051,3.0,4286.0,71.5
48053,6.0,4563.0,60.7
48055,1.0,6890.0,68.2
48057,3.0,4572.0,53.8
48059,3.0,3397.0,63.4
48061,2.0,42191.0,65.1
48063,6.0,3104.0,66.5
48065,3.0,1794.0,48.5
48067,6.0,8532.0,61.1
48069,6.0,2566.0,54.8
48071,1.0,4055.0,62.3
48073,6.0,13652.0,68.7
48075,7.0,2743.0,62.5
48077,3.0,3269.0,64.6
48079,9.0,1695.0,63.5
48081,8.0,1150.0,59.6
48083,6.0,4420.0,63.8
48085,1.0,18358.0,51.9
48087,9.0,1888.0,62.5
48089,6.0,7644.0,74.5
48091,1.0,8860.0,64.6
48093,7.0,5451.0,69.2
48095,8.0,1212.0,63.8
48097,6.0,7133.0,53.7
48099,2.0,6162.0,46.5
48101,9.0,1332.0,67.1
48103,6.0,1368.0,60.1
48105,7.0,1078.0,52.2
48107,3.0,2990.0,62.5
48109,9.0,871.0,56.8
48111,7.0,1873.0,55.8
48113,1.0,301315.0,43.5
48115,7.0,5588.0,63.9
48117,6.0,4859.0,55.0
48119,1.0,2190.0,67.0
48121,1.0,16438.0,46.4
48123,6.0,8506.0,74.3
48125,8.0,1621.0,67.6
48127,6.0,3206.0,79.5
48129,8.0,1468.0,62.3
48131,7.0,4552.0,75.8
48133,6.0,7651.0,64.3
48135,3.0,22156.0,47.6
48137,9.0,604.0,58.1
48139,1.0,15439.0,59.2
48141,2.0,79813.0,48.9
48143,7.0,6641.0,60.7
48145,6.0,7885.0,73.8
48147,6.0,10030.0,68.0
48149,6.0,9430.0,78.7
48151,8.0,2770.0,69.8
48153,6.0,3514.0,59.7
48155,9.0,1120.0,73.3
48157,1.0,16659.0,65.5
48159,8.0,2354.0,67.9
48161,7.0,4987.0,70.6
48163,6.0,3628.0,69.5
48165,7.0,3483.0,59.3
48167,1.0,49210.0,54.1
48169,6.0,1931.0,66.3
48171,7.0,4375.0,66.2
48173,8.0,390.0,62.3
48175,3.0,1863.0,67.3
48177,6.0,7084.0,74.6
48179,6.0,7524.0,47.1
48181,3.0,24876.0,52.7
48183,3.0,20321.0,48.2
48185,6.0,5011.0,72.2
48187,1.0,11489.0,63.6
48189,4.0,9840.0,55.8
48191,9.0,2430.0,64.9
48193,6.0,3329.0,64.6
48195,7.0,1580.0,46.5
48197,7.0,3019.0,68.9
48199,2.0,10091.0,62.6
48201,1.0,422033.0,47.3
48203,4.0,14166.0,57.6
48205,9.0,570.0,35.0
48207,6.0,3419.0,63.0
48209,1.0,6104.0,54.2
48211,9.0,824.0,46.2
48213,4.0,9940.0,63.8
48215,2.0,55830.0,69.7
48217,6.0,9406.0,65.3
48219,6.0,6029.0,59.0
48221,4.0,2434.0,61.2
48223,6.0,7621.0,60.5
48225,7.0,7537.0,72.3
48227,5.0,9619.0,48.4
48229,8.0,647.0,61.6
48231,1.0,13803.0,53.2
48233,6.0,6627.0,45.7
48235,3.0,386.0,62.5
48237,6.0,2690.0,62.1
48239,6.0,4524.0,64.2
48241,6.0,9065.0,66.7
48243,9.0,488.0,56.6
48245,2.0,69603.0,53.1
48247,6.0,1917.0,79.7
48249,4.0,10692.0,66.5
48251,1.0,14694.0,56.4
48253,3.0,6716.0,66.8
48255,6.0,5245.0,73.2
48257,1.0,13091.0,67.8
48259,1.0,2635.0,61.4
48261,9.0,257.0,76.9
48263,9.0,592.0,59.6
48265,4.0,6662.0,52.0
48267,7.0,1255.0,54.8
48269,9.0,172.0,59.3
48271,9.0,781.0,76.8
48273,4.0,6770.0,50.8
48275,9.0,2303.0,62.2
48277,4.0,12507.0,58.9
48279,6.0,6195.0,62.3
48281,2.0,2993.0,54.9
48283,6.0,1941.0,78.3
48285,6.0,8476.0,74.4
48287,6.0,3839.0,75.7
48289,8.0,3768.0,68.5
48291,1.0,12087.0,66.9
48293,6.0,8198.0,70.0
48295,9.0,951.0,44.2
48297,6.0,2566.0,68.5
48299,7.0,2839.0,55.0
48301,9.0,33.0,80.5
48303,3.0,37107.0,44.9
48305,6.0,3221.0,66.6
48307,7.0,3373.0,62.9
48309,3.0,45310.0,54.9
48311,8.0,472.0,70.6
48313,6.0,2625.0,64.1
48315,8.0,3336.0,66.9
48317,6.0,1694.0,68.2
48319,9.0,1482.0,65.9
48321,4.0,9031.0,60.5
48323,5.0,5931.0,75.8
48325,1.0,6973.0,66.7
48327,8.0,1172.0,70.8
48329,3.0,11410.0,33.4
48331,6.0,8164.0,67.5
48333,9.0,1852.0,62.8
48335,7.0,3331.0,62.5
48337,6.0,6562.0,66.5
48339,1.0,14844.0,55.8
48341,6.0,3359.0,45.8
48343,6.0,4371.0,62.9
48345,8.0,954.0,68.3
48347,5.0,9912.0,57.1
48349,4.0,12594.0,65.6
48351,8.0,4204.0,67.0
48353,6.0,6151.0,63.8
48355,2.0,58941.0,51.2
48357,7.0,2139.0,41.8
48359,8.0,486.0,47.1
48361,2.0,20154.0,55.9
48363,6.0,7343.0,48.8
48365,6.0,6022.0,63.4
48367,1.0,9545.0,52.4
48369,7.0,2785.0,53.8
48371,7.0,3917.0,58.3
48373,6.0,5987.0,71.9
48375,3.0,24243.0,49.3
48377,7.0,1850.0,71.4
48379,8.0,1791.0,73.2
48381,3.0,6764.0,25.3
48383,6.0,897.0,51.8
48385,9.0,828.0,72.9
48387,6.0,6694.0,74.3
48389,7.0,4750.0,62.4
48391,6.0,3285.0,65.1
48393,9.0,345.0,56.7
48395,3.0,5922.0,70.8
48397,1.0,2290.0,56.7
48399,6.0,5495.0,73.1
48401,3.0,12593.0,61.0
48403,9.0,3097.0,74.3
48405,9.0,3188.0,71.9
48407,1.0,2933.0,77.8
48409,2.0,13876.0,61.6
48411,7.0,2563.0,70.8
48413,8.0,734.0,50.9
48415,7.0,5025.0,56.6
48417,8.0,1430.0,63.4
48419,6.0,8236.0,70.4
48421,9.0,801.0,42.3
48423,3.0,26430.0,49.2
48425,8.0,1196.0,67.1
48427,4.0,6271.0,78.1
48429,7.0,3527.0,64.8
48431,8.0,322.0,56.3
48433,8.0,981.0,62.7
48435,7.0,991.0,57.0
48437,6.0,3352.0,60.7
48439,1.0,177498.0,47.4
48441,3.0,21799.0,43.7
48443,9.0,637.0,60.3
48445,6.0,4017.0,55.8
48447,9.0,770.0,49.8
48449,7.0,6337.0,62.8
48451,3.0,19321.0,51.4
48453,1.0,55230.0,39.1
48455,8.0,3356.0,72.5
48457,6.0,5010.0,68.3
48459,3.0,7432.0,61.6
48461,8.0,1333.0,54.6
48463,7.0,5758.0,64.6
48465,5.0,7050.0,57.1
48467,6.0,8810.0,63.3
48469,3.0,14860.0,55.2
48471,4.0,8619.0,61.2
48473,1.0,3602.0,57.1
48475,6.0,3717.0,54.8
48477,6.0,7846.0,69.2
48479,3.0,21999.0,67.9
48481,4.0,12782.0,65.5
48483,9.0,2220.0,54.1
48485,3.0,28184.0,45.1
48487,6.0,6097.0,62.9
48489,6.0,5071.0,72.6
48491,1.0,14570.0,68.8
48493,1.0,5094.0,73.8
48495,6.0,2621.0,50.6
48497,1.0,7064.0,61.0
48499,6.0,7674.0,65.7
48501,7.0,1925.0,51.5
48503,6.0,6116.0,61.8
48505,6.0,1799.0,78.4
48507,7.0,3941.0,78.7
49001,9.0,812.0,39.3
49003,4.0,4256.0,32.0
49005,3.0,4723.0,25.9
49007,7.0,4498.0,52.2
49009,8.0,138.0,47.1
49011,2.0,10849.0,26.0
49013,6.0,1619.0,46.0
49015,9.0,1138.0,41.8
49017,9.0,666.0,41.0
49019,7.0,1393.0,44.0
49021,4.0,1401.0,26.1
49023,2.0,919.0,38.2
49025,6.0,423.0,33.1
49027,7.0,1369.0,37.1
49029,2.0,459.0,24.8
49031,9.0,211.0,32.5
49033,8.0,264.0,31.4
49035,2.0,71859.0,32.5
49037,7.0,2139.0,56.0
49039,6.0,2437.0,41.9
49041,7.0,2045.0,37.1
49043,2.0,984.0,33.6
49045,2.0,4033.0,39.3
49047,7.0,2433.0,40.6
49049,2.0,15050.0,27.3
49051,6.0,954.0,32.7
49053,3.0,2484.0,38.7
49055,9.0,389.0,45.7
49057,2.0,21253.0,35.2
50001,6.0,5149.0,44.2
50003,6.0,7296.0,44.9
50005,7.0,5687.0,45.2
50007,3.0,16487.0,35.8
50009,9.0,1812.0,59.9
50011,3.0,8617.0,52.7
50013,3.0,1017.0,52.2
50015,8.0,3037.0,44.5
50017,9.0,4503.0,47.1
50019,7.0,6144.0,56.8
50021,5.0,12308.0,43.0
50023,4.0,10349.0,40.5
50025,6.0,7523.0,41.0
50027,7.0,9968.0,39.7
51001,7.0,12018.0,69.3
51003,3.0,9035.0,47.9
51005,6.0,4093.0,60.0
51007,1.0,3138.0,78.0
51009,3.0,9795.0,70.7
51011,3.0,3961.0,71.1
51013,1.0,23454.0,22.4
51015,4.0,15208.0,61.2
51017,9.0,2071.0,66.0
51019,3.0,10312.0,69.9
51021,8.0,2697.0,84.6
51023,2.0,6325.0,61.7
51025,6.0,6597.0,80.2
51027,9.0,11875.0,80.1
51029,8.0,4126.0,74.9
51031,3.0,13256.0,57.1
51033,1.0,5322.0,75.0
51035,6.0,10699.0,79.8
51036,1.0,2183.0,78.2
51037,8.0,4570.0,72.9
51041,1.0,19197.0,49.2
51043,1.0,2727.0,59.0
51045,2.0,1473.0,71.0
51047,6.0,6325.0,62.9
51049,1.0,2509.0,75.4
51051,9.0,6579.0,79.9
51053,1.0,9629.0,72.6
51057,8.0,2387.0,62.0
51059,1.0,48526.0,21.2
51061,1.0,7947.0,57.3
51063,8.0,4383.0,74.9
51065,3.0,2815.0,69.5
51067,2.0,10211.0,71.9
51069,3.0,9801.0,63.2
51071,3.0,5801.0,60.7
51073,1.0,4903.0,60.8
51075,1.0,3935.0,74.0
51077,9.0,6677.0,73.0
51079,3.0,1955.0,72.6
51081,6.0,3864.0,80.4
51083,6.0,14188.0,71.4
51085,1.0,12820.0,63.7
51087,1.0,38504.0,45.0
51089,4.0,17815.0,67.4
51091,9.0,1016.0,62.6
51093,1.0,6777.0,71.3
51095,1.0,5231.0,54.5
51097,1.0,2017.0,66.2
51099,8.0,2283.0,52.9
51101,1.0,2314.0,56.7
51103,9.0,3462.0,62.2
51105,8.0,9683.0,80.2
51107,1.0,8851.0,45.2
51109,1.0,5498.0,70.3
51111,9.0,4747.0,73.4
51113,8.0,3351.0,69.2
51115,1.0,2997.0,63.5
51117,7.0,10881.0,67.9
51119,8.0,2537.0,65.4
51121,3.0,11064.0,53.1
51125,3.0,5391.0,81.1
51127,1.0,1921.0,71.1
51131,9.0,5682.0,68.1
51133,9.0,3729.0,66.0
51135,6.0,5594.0,67.9
51137,6.0,5179.0,66.7
51139,6.0,6949.0,73.5
51141,8.0,6535.0,75.0
51143,3.0,22678.0,73.5
51145,1.0,2909.0,68.6
51147,6.0,4562.0,64.9
51149,1.0,4852.0,44.6
51153,1.0,17094.0,35.0
51155,3.0,10659.0,65.2
51157,8.0,2205.0,75.3
51159,9.0,2390.0,70.0
51161,2.0,15511.0,42.0
51163,6.0,6176.0,67.2
51165,3.0,14876.0,58.8
51167,6.0,10386.0,79.2
51169,3.0,10506.0,75.3
51171,6.0,8517.0,63.0
51173,6.0,13536.0,74.8
51175,6.0,7119.0,75.4
51177,1.0,5550.0,64.1
51179,1.0,6657.0,56.4
51181,1.0,2361.0,77.7
51183,1.0,4085.0,72.7
51185,7.0,15513.0,71.2
51187,1.0,5386.0,60.2
51191,3.0,15661.0,68.8
51193,7.0,4565.0,69.0
51195,7.0,14626.0,76.1
51197,6.0,8172.0,65.5
51199,1.0,7654.0,47.0
51510,1.0,18930.0,30.8
51515,3.0,2106.0,57.1
51520,3.0,5108.0,60.7
51530,6.0,2274.0,66.5
51540,3.0,9055.0,43.1
51550,1.0,28469.0,62.6
51560,6.0,1505.0,46.1
51570,1.0,3940.0,47.4
51580,6.0,3716.0,63.2
51590,3.0,16162.0,60.1
51595,6.0,2195.0,72.2
51600,1.0,2529.0,23.4
51610,1.0,1523.0,24.4
51620,6.0,2482.0,65.6
51630,1.0,3604.0,47.2
51640,6.0,2507.0,66.6
51650,1.0,27359.0,46.4
51660,3.0,3328.0,46.4
51670,1.0,6213.0,51.5
51678,6.0,1468.0,43.4
51680,3.0,16841.0,55.3
51683,1.0,16711.331206126357,55.301340140395546
51685,1.0,16711.331206126357,55.301340140395546
51690,4.0,5978.0,55.1
51700,1.0,32858.0,49.5
51710,1.0,74673.0,52.1
51720,7.0,1454.0,63.0
51730,1.0,11971.0,61.5
51735,1.0,16711.331206126357,55.301340140395546
51740,1.0,35817.0,61.9
51750,3.0,2507.0,47.1
51760,1.0,80205.0,57.1
51770,2.0,28064.0,51.8
51775,2.0,5889.0,47.3
51790,4.0,7517.0,52.0
51800,1.0,16483.0,68.7
51810,1.0,29347.0,37.4
51820,4.0,4120.0,44.6
51830,1.0,832.0,23.4
51840,3.0,4729.0,54.4
53001,6.0,2627.0,42.7
53003,3.0,3493.0,45.0
53005,3.0,11014.0,31.1
53007,3.0,10153.0,42.4
53009,5.0,8710.0,43.9
53011,1.0,27381.0,39.9
53013,6.0,1430.0,51.9
53015,3.0,15369.0,42.2
53017,3.0,3643.0,39.3
53019,9.0,944.0,49.2
53021,3.0,4697.0,36.0
53023,8.0,605.0,35.0
53025,4.0,8363.0,39.8
53027,4.0,15521.0,46.7
53029,4.0,3914.0,28.6
53031,6.0,2597.0,41.5
53033,1.0,196788.0,31.0
53035,3.0,20310.0,36.7
53037,6.0,4185.0,36.5
53039,6.0,3380.0,49.4
53041,4.0,12310.0,47.5
53043,8.0,2175.0,36.9
53045,6.0,5182.0,43.5
53047,6.0,6857.0,46.8
53049,7.0,4727.0,50.0
53051,8.0,1795.0,50.6
53053,1.0,80077.0,39.3
53055,9.0,765.0,28.9
53057,3.0,12159.0,40.3
53059,1.0,1363.0,42.6
53061,1.0,51721.0,37.8
53063,2.0,53666.0,34.7
53065,6.0,4722.0,47.7
53067,3.0,13806.0,33.2
53069,8.0,1030.0,50.7
53071,4.0,8921.0,38.1
53073,3.0,16737.0,39.2
53075,4.0,4220.0,26.0
53077,3.0,39299.0,50.2
54001,7.0,5432.0,68.5
54003,3.0,12113.0,58.5
54005,2.0,10245.0,76.0
54007,8.0,5361.0,73.4
54009,3.0,9281.0,56.1
54011,2.0,31141.0,50.6
54013,8.0,3054.0,75.9
54015,2.0,3890.0,80.9
54017,9.0,2608.0,69.6
54019,6.0,19430.0,70.7
54021,9.0,2486.0,64.5
54023,6.0,3283.0,68.7
54025,7.0,11592.0,62.4
54027,3.0,4081.0,62.5
54029,3.0,11992.0,54.4
54031,8.0,3617.0,71.0
54033,5.0,21333.0,49.5
54035,6.0,6209.0,55.1
54037,1.0,6496.0,58.3
54039,2.0,61098.0,47.2
54041,7.0,7433.0,66.7
54043,2.0,7457.0,75.5
54045,6.0,17161.0,71.2
54047,7.0,19485.0,75.6
54049,4.0,18664.0,51.8
54051,3.0,12609.0,58.7
54053,6.0,8461.0,63.1
54055,5.0,20051.0,56.7
54057,3.0,7143.0,55.5
54059,6.0,12395.0,75.7
54061,3.0,14594.0,47.3
54063,8.0,4171.0,61.4
54065,3.0,3315.0,68.5
54067,6.0,8267.0,68.3
54069,3.0,19384.0,52.3
54071,8.0,2911.0,70.1
54073,3.0,2012.0,53.4
54075,9.0,3675.0,67.9
54077,3.0,9230.0,65.5
54079,2.0,8764.0,58.4
54081,4.0,25190.0,64.3
54083,7.0,8111.0,59.5
54085,8.0,4037.0,67.0
54087,6.0,6146.0,71.5
54089,7.0,5470.0,69.4
54091,6.0,4860.0,59.5
54093,9.0,2700.0,62.2
54095,6.0,3121.0,55.4
54097,7.0,5866.0,59.1
54099,2.0,13039.0,63.7
54101,9.0,4138.0,77.3
54103,6.0,5931.0,52.4
54105,3.0,1511.0,63.8
54107,3.0,23247.0,48.7
54109,7.0,10735.0,72.5
55001,8.0,3342.0,61.6
55003,7.0,4895.0,52.8
55005,6.0,10659.0,55.7
55007,8.0,3590.0,52.2
55009,2.0,31527.0,41.6
55011,8.0,4071.0,53.5
55013,8.0,3410.0,58.9
55015,3.0,6706.0,50.7
55017,3.0,12862.0,52.3
55019,8.0,9735.0,58.4
55021,2.0,10125.0,45.1
55023,7.0,4693.0,55.8
55025,2.0,39825.0,28.8
55027,4.0,20848.0,55.0
55029,6.0,5934.0,50.7
55031,2.0,10981.0,45.0
55033,6.0,7279.0,50.2
55035,3.0,13280.0,39.4
55037,9.0,952.0,51.4
55039,3.0,21170.0,48.2
55041,9.0,2505.0,60.5
55043,6.0,11315.0,47.9
55045,6.0,7372.0,49.2
55047,6.0,5024.0,50.9
55049,2.0,4489.0,44.7
55051,9.0,2283.0,55.3
55053,6.0,4948.0,57.4
55055,4.0,15420.0,48.0
55057,7.0,5586.0,54.2
55059,1.0,31692.0,51.2
55061,2.0,5440.0,55.2
55063,3.0,16602.0,40.0
55065,8.0,4276.0,47.1
55067,6.0,5711.0,54.5
55069,6.0,7359.0,55.6
55071,4.0,21575.0,49.3
55073,3.0,26385.0,51.7
55075,6.0,10470.0,51.1
55077,8.0,2997.0,55.2
55078,8.0,694.0,69.4
55079,1.0,263209.0,45.5
55081,6.0,8832.0,50.3
55083,2.0,8297.0,58.8
55085,7.0,6282.0,45.0
55087,3.0,25142.0,43.7
55089,1.0,10200.0,36.9
55091,8.0,2201.0,56.8
55093,1.0,5931.0,46.3
55095,6.0,7688.0,50.8
55097,4.0,10044.0,46.3
55099,9.0,4898.0,57.5
55101,3.0,42018.0,47.9
55103,6.0,5000.0,52.9
55105,3.0,27140.0,39.9
55107,6.0,4378.0,56.1
55109,1.0,6977.0,40.1
55111,4.0,11130.0,51.4
55113,9.0,3220.0,55.0
55115,6.0,10676.0,57.7
55117,3.0,25656.0,48.5
55119,6.0,5434.0,62.0
55121,8.0,7752.0,57.9
55123,6.0,8446.0,58.6
55125,9.0,3234.0,47.5
55127,4.0,13130.0,40.1
55129,6.0,3362.0,53.2
55131,1.0,14510.0,45.6
55133,1.0,37742.0,32.3
55135,6.0,11757.0,52.8
55137,8.0,4990.0,56.8
55139,3.0,28166.0,42.4
55141,4.0,15062.0,45.0
56001,4.0,3011.0,26.4
56003,9.0,2564.0,44.5
56005,5.0,2533.0,41.3
56007,7.0,3114.0,41.5
56009,6.0,1255.0,37.1
56011,9.0,900.0,37.3
56013,7.0,5935.0,41.8
56015,7.0,2626.0,42.4
56017,7.0,1365.0,45.7
56019,7.0,1316.0,40.9
56021,3.0,9914.0,33.5
56023,7.0,1861.0,41.5
56025,3.0,8415.0,31.8
56027,9.0,824.0,45.0
56029,7.0,3244.0,34.3
56031,7.0,1746.0,45.3
56033,7.0,4305.0,39.6
56035,9.0,654.0,32.9
56037,5.0,4393.0,43.6
56039,7.0,708.0,27.3
56041,7.0,1569.0,40.4
56043,7.0,1572.0,39.0
56045,7.0,1428.0,43.0
